,id,brand,car_model,type,desc,problem,datetime,status
0,487140,猎豹汽车,猎豹CS10,2015款 2.0T 手动 卓越版,猎豹CS10行驶中车门异响 发动机异响,"A9,H72,",2020-06-22,信息审核
1,487139,力帆汽车,轩朗,2017款 2.0L 手动 舒适型,力帆轩朗离合器损坏发动机有焊接痕迹,"A235,C17,H78,H48,H197,I297,",2020-06-22,信息审核
2,487138,东风标致,标致4008,2018款 350THP 精英版,东风标致4008加速无力发动机故障灯亮,"A34,A160,I297,",2020-06-22,信息审核
3,487136,一汽-大众,探岳,2019款 330TSI 两驱 豪华型 国Ⅵ,一汽大众探岳换挡时变速箱顿挫有异响,"B33,B19,",2020-06-22,信息审核
4,487131,上汽大众,途昂X,2019款 530 V6 四驱 尊崇旗舰版,上汽大众途昂X发动机自动启停功能故障,"A24,H263,",2020-06-22,信息审核
5,487130,雷克萨斯,雷克萨斯ES,2015款 2.0L 自动  精英版 ES 200,雷克萨斯ES天窗玻璃爆裂存在质量问题,"H113,",2020-06-22,厂家受理
6,487129,广汽三菱,欧蓝德,2019款 2.4L 四驱 致享版 7座 国VI,广汽三菱欧蓝德车辆事故后安全气囊未打开,"H55,",2020-06-22,厂家受理
7,487128,东风标致,标致3008,2015款 1.6THP 自动 潮流版,东风标致3008多次在行驶过程中突然熄火,"A14,",2020-06-22,信息审核
8,487127,一汽-大众,C-TREK蔚领,2017款 230TSI 自动 舒适型,一汽大众蔚领高速时踩刹车方向盘抖动,"D80,",2020-06-22,信息审核
9,487126,东风标致,标致3008,2015款 1.6THP 自动 潮流版,东风标致3008节温器故障导致发动机故障灯亮,"A34,A191,",2020-06-22,信息审核
10,487119,沃尔沃亚太,沃尔沃S90,2019款 T5 智逸版,亚太沃尔沃S90低频噪音大共振严重	,"H268,",2020-06-22,信息审核
11,487118,长安马自达,马自达3 昂克赛拉,2016款 1.5L 自动 豪华型 三厢,长安马自达昂克赛拉中控台屏幕脱胶严重,"H134,H168,",2020-06-22,信息审核
12,487116,吉利汽车,博越,2016款 1.8TD 自动 两驱 智尊型,吉利博越排气管锈蚀厂家不承认问题,"H30,I295,",2020-06-22,信息审核
13,487114,猎豹汽车,猎豹CS10,2015款 2.0T 手动 卓越版,猎豹CS10制动效果极差导致发生事故,"E269,",2020-06-22,信息审核
14,487113,吉利汽车,星越,2019款 改款 350T 耀星者,吉利星越车机卡顿死机系统版本与宣传不符,"H155,M279,",2020-06-22,信息审核
15,487111,一汽-大众,T-ROC探歌,2019款 230TSI DSG 两驱 进取型 国V,一汽大众探歌高压油泵异响严重希望厂家处理,"H78,",2020-06-22,信息审核
16,487110,北京奔驰,奔驰C级,2020款 C 260 L 运动版,北京奔驰C级新车交付时车漆被剐蹭,"J299,",2020-06-22,信息审核
17,487108,东风日产,骐达TIIDA,2019款 1.6L CVT 智尊版 国Ⅵ,东风日产骐达悬架生锈腐蚀存在安全隐患,"H79,",2020-06-22,信息审核
18,487106,雷克萨斯,雷克萨斯CT,2017款 CT200h 精英版 单色 国VI,雷克萨斯CT大灯灯罩内部出现密集气泡,"H220,I295,I297,I293,",2020-06-22,信息审核
19,487103,东风雪铁龙,雪铁龙C4L,2014款 1.8L 自动 智驱版 劲享型,东风雪铁龙C4L方向盘上下左右晃动,"D80,",2020-06-22,信息审核
20,487102,上汽大众,朗逸,2017款 1.6L 自动 舒适版,上汽大众朗逸韩泰轮胎开裂存在安全隐患,"F100,",2020-06-22,信息审核
21,487101,东风日产,天籁,2013款 2.0L XL 舒适版,东风日产天籁变速箱漏油 发动机烧机油,"A63,B22,D58,",2020-06-22,信息审核
22,487099,一汽-大众,速腾,2018款 280TSI 双离合 舒适型,一汽大众速腾空调出风口损坏存在质量问题,"H168,",2020-06-22,信息审核
23,487096,吉利新能源,星越新能源,2019款 400T 驭星者 纯电动续航80KM,吉利星越车机系统升级后卡顿问题未能解决,"O348,",2020-06-22,信息审核
24,487095,奇瑞汽车,瑞虎5,2017款 1.5T CVT 舒适版,奇瑞瑞虎5实车信息与厂家系统不符,"M279,",2020-06-22,信息审核
25,487092,长城汽车,哈弗H2s,2018款 1.5T 双离合 精英型 红标,哈弗H2s转向拉杆生锈掉漆希望处理,"H79,",2020-06-22,处理反馈
26,487083,吉利汽车,星越,2019款 350T 暗夜骑士限量版,吉利星越车机黑屏版本与宣传不符,"H155,M279,",2020-06-22,信息审核
27,487082,长城汽车,长城C30,2013款 1.5L 手动 豪华型,长城C30车身漆面生锈4S店不解决,"H79,I295,",2020-06-22,处理反馈
28,487077,东风标致,标致408,2014款 1.8L 自动 豪华版,东风标致408发动机烧机油严重希望处理,"A63,",2020-06-22,信息审核
29,487076,一汽-大众,探岳,2019款 330TSI 两驱 豪华型 国Ⅵ,一汽大众探岳车灯透镜发白影响光线,"H82,",2020-06-22,信息审核
30,487074,江淮汽车,瑞风S2,2015款 1.5L 手动 豪华智能型,江淮瑞风S2刹车异响方向盘晃动严重,"D265,E43,",2020-06-22,处理反馈
31,487072,一汽大众,捷达VS5,2019款 280TSI 自动 悦享型,一汽大众捷达VS5发动机舱进水涡轮生锈,"H93,H109,",2020-06-22,信息审核
32,487071,一汽-大众奥迪,奥迪A3,2017款 Limousine 1.4T 双离合 时尚型,一汽大众奥迪A3空调出风口经常不出风,"H101,J298,",2020-06-22,信息审核
33,487070,东风标致,标致301,2018款 1.6L 自动 舒适版,东风标致标致301三元催化器老化4S店拒赔,"H54,",2020-06-22,信息审核
34,487069,一汽丰田,卡罗拉,2014款 1.6L CVT GL-i真皮版,一汽丰田卡罗拉方向盘异响沉重 座垫塌陷,"D59,D156,H169,",2020-06-22,信息审核
35,487058,华晨宝马,宝马5系,2020款 525Li M运动套装,华晨宝马5系天窗和前挡风玻璃爆裂,"H113,",2020-06-22,信息审核
36,487057,上汽大众,途观L,2019款 改款 330TSI 自动 两驱 智动豪华版 国VI,上汽大众途观L下雨时天窗处出现漏水现象,"H90,",2020-06-22,信息审核
37,487055,吉利汽车,星越,2019款 350T 暗夜骑士限量版,吉利星越车机出现死机现象系统与宣传不符,"H155,M279,",2020-06-22,信息审核
38,487053,长城汽车,WEY P8,2018款 2.0T 旗舰型,WEY P8配件质量差导致频繁故障,"J298,N317,",2020-06-22,处理反馈
39,487051,吉利汽车,熊猫,2009款 1.3L 手动 灵动版,吉利熊猫转向机故障要求尽快处理,"D265,",2020-06-22,信息审核
40,487042,奔驰（进口）,奔驰S级,2019款 S 320 L,进口奔驰S级发动机水温高一直未解决,"A191,",2020-06-22,信息审核
41,487041,上汽斯柯达,柯迪亚克,2019款 TSI330 两驱 舒适版 5座 国VI,斯柯达柯迪亚克厂家置换补贴未兑现	,"L313,",2020-06-22,信息审核
42,487040,吉利汽车,星越,2019款 350T 耀星者,吉利星越车机系统升级后死机并且卡滞,"H155,O348,",2020-06-22,信息审核
43,487039,东风日产,逍客,2016款 2.0L CVT 豪华版,东风日产逍客变速箱阀体故障要求尽快解决,"B84,",2020-06-22,信息审核
44,487037,广汽本田,锋范,2015款 1.5L CVT 豪华版,广汽本田锋范发动机冷启动异响要求厂家保修,"A9,",2020-06-22,信息审核
45,487036,上汽大众,凌渡,2015款 330TSI DSG 舒适版,上汽大众凌渡车内一直存在浓重的异味,"H185,",2020-06-22,信息审核
46,487031,一汽吉林,森雅R9,2018款 1.2T 自动 豪华智尚型,一汽吉林森雅R9发动机故障灯亮 售后无配件,"A34,H170,N318,",2020-06-22,信息审核
47,487030,长安汽车,长安CS55,2018款 1.5T 自动 炫色型 国V,长安CS55车门掉漆 主驾驶门框胶条老化,"H81,H48,",2020-06-22,处理反馈
48,487029,奇瑞汽车,捷途X70,2020款 1.5T DCT 悦行版 6座,奇瑞捷途X70变速箱电脑插头密封不严,"H110,I297,",2020-06-22,处理反馈
49,487021,华晨宝马,宝马5系,2020款 530Li 尊享型 M运动套装,华晨宝马5系车身稳定系统故障导致故障灯亮,"H170,",2020-06-22,信息审核
50,487018,东风标致,标致308,2013款 1.6L 自动 优尚型,东风标致308变速箱顿挫要求厂家给予保修,"B19,B96,",2020-06-22,信息审核
51,487017,上汽斯柯达,晶锐,2017款 1.4L 自动 车享版,斯柯达晶锐后门升降器损坏厂未处理,"H67,I295,",2020-06-22,信息审核
52,487014,广汽本田,雅阁,2018款 2.0L 锐领版 锐・混动 国VI,广汽本田雅阁动力电池冷却系统失效,"H345,",2020-06-22,信息审核
53,487013,吉利汽车,星越,2019款 350T 暗夜骑士限量版,吉利星越车机与宣传不符系统升级未通知,"I294,M279,O296,",2020-06-22,信息审核
54,487009,广汽丰田,凯美瑞,2015款 2.0G 自动 领先版,广汽丰田凯美瑞左右半轴防尘套漏油严重,"G161,",2020-06-22,信息审核
55,487008,吉利汽车,远景,2020款 1.5L 手动 亚运版,吉利远景新车不带胎压显示功能厂家减配,"Q350,",2020-06-22,厂家受理
56,487003,奇瑞汽车,捷途X70,2018款 1.5T 自动 悦行版,捷途X70悬挂及B柱异响 天窗开关失灵,"G52,H15,H192,",2020-06-22,处理反馈
57,486991,广汽乘用车,传祺GS5,2019款 270T 自动 豪华版,广汽传祺GS5变速箱顿挫严重中控屏幕黑屏,"B19,E43,H134,I295,I293,",2020-06-22,处理反馈
58,486989,广汽本田,飞度,2016款 1.5L LX CVT 舒适型,广汽本田飞度冷车启动发动机有异响,"A9,",2020-06-22,信息审核
59,486981,MINI,MINI,2019款 1.5T COOPER 经典派,MINI天窗开关故障导致车内积水严重,"H192,",2020-06-22,信息审核
60,486980,吉利汽车,帝豪,2018款 1.5L CVT 豪华型,吉利帝豪车门生锈 漆面鼓包 要求处理,"H79,H81,",2020-06-22,处理反馈
61,486974,长安马自达,马自达3 昂克赛拉,2020款 2.0L 自动 质豪版,长安马自达昂克赛拉扶手箱异响播放音乐卡顿,"H134,H81,H164,",2020-06-22,信息审核
62,486972,一汽-大众,速腾,2018款 280TSI DSG熠动版,一汽大众速腾方向盘出现脱皮现象,"H168,",2020-06-22,处理反馈
63,486970,上汽集团,名爵6,2017款 20T 自动 豪华智联版 国V,上汽名爵6变速箱顿挫异响存在质量问题,"B33,B19,",2020-06-22,厂家受理
64,486968,宝马（进口）,宝马X5 M,2015款 4.4T,宝马X5M发动机故障行驶熄火厂家不保修,"A14,A44,I295,I297,",2020-06-22,信息审核
65,486966,上汽大众,途岳,2019款 280TSI 两驱 豪华版 国VI,上汽大众途岳韩泰轮胎开裂现象严重,"F100,",2020-06-22,信息审核
66,486965,一汽解放,解放J6P,2011款 解放J6P 9.0 集装箱 半挂 牵引汽车 CA4250P66K24T1A1 EX型,一汽解放J6P卸货过程前置顶折断 车厢侧翻,"G230,",2020-06-22,信息审核
67,486964,广汽本田,雅阁,2018款 260TURBO 精英版 国VI,广汽本田雅阁后备箱与翼子板接缝处未喷漆,"H81,",2020-06-22,信息审核
68,486963,北京现代,逸行,2018款 1.4T 双离合 逸尚型 国V,北京现代逸行导航故障4S店不给保修,"H21,I295,I297,J298,",2020-06-22,信息审核
69,486962,一汽-大众奥迪,奥迪Q5,2016款 40 TFSI 技术型,一汽大众奥迪Q5节温器和冷却水壶漏防冻液,"A37,",2020-06-22,信息审核
70,486961,几何汽车,几何A,2019款 高维标准续航幂方版,几何A终身免费道路救援承诺不兑现,"L314,",2020-06-22,信息审核
71,486960,一汽丰田,奕泽IZOA,2018款 2.0L 奕驰版 国VI,一汽丰田奕泽销售人员故意刁难拒绝维修保养,"I295,I282,",2020-06-22,信息审核
72,486959,吉利汽车,帝豪,2018款 1.5L CVT 向上互联版,吉利帝豪中控台异响 方向盘异响厂家不处理,"D59,H93,I295,",2020-06-22,处理反馈
73,486958,沃尔沃亚太,沃尔沃S60,2020款 T3 智行豪华版,亚太沃尔沃S60倍耐力轮胎鼓包质量差,"F39,",2020-06-22,信息审核
74,486957,吉利汽车,博越,2020款 1.8TD DCT 智尊PRO,吉利博越实车没有前雾灯与厂家宣传不符,"M279,",2020-06-22,处理反馈
75,486951,广汽本田,飞度,2014款 1.5L CVT SE时尚型,广汽本田飞度发动机冷启动异响严重,"A9,",2020-06-22,信息审核
76,486948,一汽-大众,CC,2018款 1.8TSI 豪华型,一汽大众CC反光镜自动收回行车雷达故障,"H68,H82,H170,H211,I295,J298,M284,",2020-06-22,处理反馈
77,486947,一汽-大众,宝来,2020款 1.5L 自动 精英型,一汽大众宝来刹车异响维修未解决问题,"E43,",2020-06-22,处理反馈
78,486934,一汽奔腾,奔腾X40,2017款 1.6L 自动 尊享型,一汽奔腾X40发动机缸盖损坏4S店不予保修,"A24,A163,A160,I297,J298,Q290,",2020-06-22,信息审核
79,486931,吉利汽车,星越,2019款 350T 耀星者,吉利星越车机系统升级软件后卡顿严重,"O348,",2020-06-22,处理反馈
80,486930,东风标致,标致408,2016款 1.6T 自动 豪华版,东风标致408行驶中发动机缺缸抖动,"A24,A34,A14,N318,",2020-06-22,信息审核
81,486928,吉利汽车,帝豪,2018款 1.5L CVT 向上互联版,吉利帝豪变速箱异响离合器异响4S店不解决,"B33,B184,C65,I295,J298,",2020-06-22,用户评分
82,486927,吉利汽车,星越,2019款 300T 耀星者,吉利星越车机黑屏操作版本与宣传不符,"H155,M279,",2020-06-22,处理反馈
83,486925,吉利汽车,帝豪GL,2017款 1.3T 手动 精英型,吉利帝豪GL分离轴承损坏导致离合器沉重,"C181,",2020-06-22,处理反馈
84,486924,东风雪铁龙,C4世嘉,2016款 1.6L 自动 舒适型 悦心版,东风雪铁龙C4世嘉发动机有烧机油的现象,"A63,",2020-06-22,处理反馈
85,486922,众泰汽车,众泰T300,2017款 1.5L 手动 尊享型,众泰T300天窗震动 左侧后视镜转向灯不亮,"H89,H82,",2020-06-22,处理反馈
86,486920,长安铃木,奥拓,2016款 1.0L 自动 豪华炫动版,长安铃木奥拓出现事故导致发动机舱自燃,"H103,H40,",2020-06-22,处理反馈
87,486918,上汽大众,朗逸,2019款 1.5L 自动 舒适版 国VI,上汽大众朗逸发动机故障灯亮4S店无法解决,"A34,I295,J298,",2020-06-22,信息审核
88,486915,吉利汽车,博越,2020款 1.8TD DCT 智领PRO,吉利博越车机系统及功能与宣传时不符,"M279,",2020-06-22,处理反馈
89,486914,一汽-大众,宝来,2019款 改款 280TSI DSG 精英型 国VI,一汽大众宝来行驶过程中发动机自动熄火,"A14,",2020-06-22,处理反馈
90,486909,领克汽车,领克03,2019款 1.5TD DCT 劲Pro版 国VI,领克03车机系统卡顿希望厂家尽快解决,"H155,",2020-06-22,处理反馈
91,486906,一汽奔腾,奔腾T77,2020款 PRO 280 TID 自动 尊享型,一汽奔腾T77排气管严重生锈4S店拒绝更换,"H30,I297,",2020-06-22,信息审核
92,486905,东风雪铁龙,雪铁龙C4L,2013款 1.6THP 自动 劲智版,东风雪铁龙C4L高压油泵故障导致启动困难,"A44,H78,",2020-06-22,处理反馈
93,486904,上汽大众,途观,2016款 300TSI 自动 四驱 风尚视野版,上汽大众途观低速转弯时异响希望处理,"D59,",2020-06-22,信息审核
94,486903,一汽-大众奥迪,奥迪Q5L,2020款 40 TFSI 荣享时尚型,一汽大众奥迪Q5L部分批次无主动进气格栅,"M279,",2020-06-22,信息审核
95,486901,吉利汽车,星越,2019款 300T 耀星者,吉利星越车机卡顿升级后未解决要求升级硬件,"O348,",2020-06-22,处理反馈
96,486900,上汽大众,桑塔纳,2019款 1.5L 手动 风尚版 国VI,上汽大众桑塔纳车灯漏水 发动机异响,"A9,H82,",2020-06-22,信息审核
97,486897,长城汽车,哈弗H2,2017款 1.5T 自动 两驱精英型 蓝标,长城哈弗H2转向机异响要求厂家保修处理,"D59,I297,",2020-06-22,处理反馈
98,486893,东风本田,本田UR-V,2017款 240TURBO 两驱 经典版 国VI,东风本田UR-V发动机怠速抖动 方向盘抖动,"A35,D80,",2020-06-22,处理反馈
99,486892,吉利汽车,博越,2018款 1.8TD 自动 两驱 智联型 4G互联版,吉利博越4S店销售新车收取定位服务费,"K307,K325,M315,",2020-06-22,处理反馈
100,486891,东风雪铁龙,天逸 C5 AIRCROSS,2020款 360THP 悦享型,东风雪铁龙天逸C5 AIRCROSS汽油泵损坏,"A34,A44,H78,H90,",2020-06-22,处理反馈
101,486889,长安标致雪铁龙DS,DS6,2014款 1.6T 豪华版THP160,长安标致雪铁龙DS6发动机烧机油反复拖延,"A63,I282,",2020-06-22,信息审核
102,486888,北汽新能源,北汽新能源EC,2018款 EC220 标准版,北汽新能源EC系列行驶中出现刹车失灵,"E29,",2020-06-22,处理反馈
103,486887,吉利汽车,帝豪GS,2019款 1.4T CVT 雅,吉利帝豪GS气囊报警刹车异响4S店不解决,"A9,E43,H134,H103,I295,",2020-06-22,处理反馈
104,486883,吉利汽车,帝豪,2014款 1.3T 手动 尊贵型 三厢,吉利帝豪发动机正时盖渗油更换正时盖未解决,"A12,J298,",2020-06-22,处理反馈
105,486881,一汽大众,捷达VS5,2019款 280TSI 自动 荣耀型,捷达VS5玲珑轮胎出现严重开裂的现象,"F100,",2020-06-22,厂家受理
106,486877,上汽集团,名爵HS,无,上汽名爵HS经销商出售问题车不退还订金,"K309,M284,",2020-06-22,处理反馈
107,486876,吉利汽车,博越,2020款 1.8TD DCT 智领PRO,吉利博越挡位灯与宣传不符厂家不回复,"I294,M279,",2020-06-22,处理反馈
108,486875,上汽集团,荣威RX5 MAX,2019款 300TGI 自动 4G互联豪华版,上汽荣威RX5 MAX系统信息与实际不符,"M284,M279,",2020-06-22,处理反馈
109,486873,一汽奔腾,奔腾B50,2016款 1.6L 手动 豪华型,一汽奔腾B50空调系统故障厂家未回复,"H101,I294,",2020-06-22,信息审核
110,486872,奥迪（进口）,奥迪Q7,2019款 55 TFSI S line运动型,奥迪Q7两前车窗升降失灵影响正常使用,"H67,",2020-06-22,信息审核
111,486871,广汽乘用车,传祺GS7,2017款 320T 两驱 豪华智联型,广汽传祺GS7发动机冷却液减少要求解决,"A191,",2020-06-22,处理反馈
112,486869,江铃福特,领界,2019款 EcoBoost 145 CVT 尊领型 国VI,江铃福特领界发动机异响希望尽快处理,"A9,",2020-06-22,处理反馈
113,486868,长安马自达,马自达3 昂克赛拉,2016款 1.5L 自动 豪华型 三厢,长安马自达昂克赛拉中控台屏幕右上角脱胶,"H168,",2020-06-22,信息审核
114,486866,长安汽车,长安CS55,2017款 1.5T 手动 炫动型,长安CS55轮毂氧化脱皮存在质量问题,"H243,",2020-06-22,厂家受理
115,486863,上汽大众,途观L,2018款 330TSI 自动 两驱 豪华版,上汽大众途观L天窗堵塞漏水气囊故障灯亮,"H103,H90,",2020-06-22,信息审核
116,486861,上汽集团,名爵6,2017款 20T 手动 豪华智联版 国V,上汽名爵6事故维修售后承诺给予补偿未兑现,"J300,L314,N321,",2020-06-22,用户评分
117,486860,吉利汽车,星越,2019款 350T 暗夜骑士限量版,吉利星越车机系统升级后死机卡顿严重,"H155,O348,",2020-06-22,处理反馈
118,486859,一汽-大众,迈腾,2019款 330TSI DSG 豪华型 国VI,一汽大众迈腾车漆多处腐蚀4S店拒绝处理,"H81,I292,",2020-06-22,处理反馈
119,486855,吉利汽车,远景,2020款 1.5L 手动 亚运版,吉利远景倒车影像花屏4S店不回复,"H134,",2020-06-22,处理反馈
120,486852,上汽大众,途安,2011款 1.4TSI DSG 智雅版 5座,上汽大众途安变速箱顿挫厂家否认质量问题,"B19,I292,",2020-06-22,信息审核
121,486851,奇瑞汽车,艾瑞泽7,2015款 1.6L CVT 致享版,奇瑞艾瑞泽7加速时空调压缩机异响,"H101,",2020-06-22,处理反馈
122,486849,长安汽车,逸动XT,2018款 1.6L GDI 自动 锐潮型 国V,长安逸动XT排气管无隔热瓦导致车内高温,"Q322,",2020-06-22,厂家受理
123,486847,吉利汽车,星越,2019款 350T 驭星者,吉利星越车机黑屏死机宣传与实车搭载不符,"H155,M279,",2020-06-22,处理反馈
124,486845,一汽红旗,红旗H5,2019款 30TD 智联韵动版,一汽红旗H5手机端更新后 无法与车机互联,"H155,O348,",2020-06-22,信息审核
125,486844,一汽丰田,RAV4荣放,2020款 2.5L CVT 四驱 精英版 双擎,一汽丰田RAV4荣放机油增多要求处理,"A339,",2020-06-22,信息审核
126,486842,英菲尼迪（进口）,英菲尼迪Q50,2014款 2.0T 舒适版,英菲尼迪Q50发动机灯亮 启停系统故障,"A34,H263,",2020-06-22,信息审核
127,486841,奇瑞汽车,捷途X70,2020款 1.5T DCT 悦行版 7座,捷途X70车门螺丝生锈希望得到处理,"H79,",2020-06-22,处理反馈
128,486838,一汽丰田,卡罗拉,2011款 1.8 CVT GL-i,一汽丰田卡罗拉掉毂掉漆氧化希望处理,"H243,",2020-06-22,信息审核
129,486836,一汽-大众,探岳,2019款 330TSI 两驱 豪华型 国V,一汽大众探岳大灯透镜发白 车灯亮度低,"H82,",2020-06-22,处理反馈
130,486830,吉利汽车,星越,2019款 350T 驭星者,吉利星越出现死机现象系统版本不符,"H155,M279,",2020-06-22,处理反馈
131,486824,吉利汽车,博越,2020款 1.8TD DCT 智慧PRO,吉利博越后防撞梁材料存在不同程度缩水,"M279,Q322,",2020-06-22,处理反馈
132,486821,上汽通用五菱,宝骏630,2011款 1.5L 手动 舒适型,宝骏630车门生锈多次维修无法解决,"H79,",2020-06-22,处理反馈
133,486820,广汽本田,凌派,2015款 1.8 自动 豪华版,广汽本田凌派变速箱渗油4S店不予索赔,"B22,I297,",2020-06-22,处理反馈
134,486819,东风乘用车,风神AX7,2018款 1.6T 自动 豪华型,东风风神AX7发动机冷启动异响4S店无法解决,"A9,I295,",2020-06-22,处理反馈
135,486818,一汽丰田,亚洲龙,2019款 双擎 2.5L XLE 尊贵版 国Ⅵ,一汽丰田亚洲龙发动机机油增多要求解决,"A339,",2020-06-22,信息审核
136,486817,一汽-大众,高尔夫,2017款 1.6L 自动 舒适百万辆纪念版,一汽大众高尔夫主驾侧车门接触开关损坏,"H234,",2020-06-22,处理反馈
137,486812,吉利汽车,缤越,2019款 260T DCT 骑士 国VI,吉利缤越车辆停放后出现多处故障无法行驶,"H49,",2020-06-22,处理反馈
138,486810,长安马自达,马自达3 昂克赛拉,2017款 1.5L 自动 尊贵型 三厢 国V,长安马自达昂克赛拉高速共振 后视镜打不开,"H268,H211,",2020-06-22,信息审核
139,486809,广汽本田,飞度,2014款 1.5L CVT SE时尚型,广汽本田飞度发动机启动异响 变速箱顿挫,"A9,B19,",2020-06-22,处理反馈
140,486807,北京现代,领动,2018款 1.4T 双离合 炫动・活力型,北京现代领动起步时变速器异响顿挫明显,"B33,B19,",2020-06-21,信息审核
141,486805,东风标致,标致308,2013款 1.6L 自动 优尚型,东风标致308变速箱顿挫 故障灯亮 无法提速,"B19,B96,B334,",2020-06-21,用户评分
142,486802,北京奔驰,奔驰C级,2019款 C 260 运动版,北京奔驰C级4S店服务态度差 维修技术差,"I293,J303,O305,O324,",2020-06-21,信息审核
143,486800,东风标致,标致408,2015款 1.2T 自动 豪华版,东风标致408固特异轮胎开裂鼓包,"F100,",2020-06-21,用户评分
144,486799,东风本田,本田XR-V,2017款 1.8L EXi CVT 舒适版,东风本田XR-V发动机挂挡后抖动 刹车异响,"A24,E43,",2020-06-21,处理反馈
145,486798,一汽-大众,探岳,2019款 330TSI 两驱 豪华型 国Ⅵ,一汽大众探岳变速箱降挡是异响严重,"B33,",2020-06-21,处理反馈
146,486795,奇瑞新能源,瑞虎3xe,2018款 480 畅行版,奇瑞瑞虎3xe电池电量消耗速度过快,"H343,",2020-06-21,厂家受理
147,486793,吉利汽车,吉利GX7,2014款 1.8L 手动 超值版,吉利GX7转向系统漏油 4S店服务态度差,"D58,N320,",2020-06-21,处理反馈
148,486792,一汽-大众,迈腾,2015款 1.8TSI 豪华型,一汽大众迈腾变速箱机电控制单元损坏,"B84,",2020-06-21,处理反馈
149,486791,广汽本田,飞度,2014款 1.5L CVT SE时尚型,广汽本田飞度冷车启动VTC作动器出现异响,"A9,",2020-06-21,信息审核
150,486782,吉利汽车,星越,2019款 350T 驭星者,吉利星越车机死机车机系统与宣传不符,"H155,M279,",2020-06-21,处理反馈
151,486780,吉利汽车,帝豪GL,2018款 1.4T 自动 精英智联型,吉利帝豪GL变速箱异响发动机皮带掉齿,"A222,B33,",2020-06-21,信息审核
152,486779,东风悦达起亚,焕驰,2019款 1.4L 手动 智享版Value 国VI,东风悦达起亚焕驰变速箱顿挫 怠速转速高,"A35,B19,",2020-06-21,处理反馈
153,486778,一汽-大众,迈腾,2015款 1.8TSI 豪华型,一汽大众迈腾车内存在刺鼻的异味,"H185,",2020-06-21,处理反馈
154,486774,长城汽车,哈弗H1,2016款 1.5L 手动 豪华型 红标,哈弗H1压缩机频繁启停制冷效果差 车顶爆漆,"H101,H81,",2020-06-21,厂家受理
155,486772,吉利汽车,博越,2020款 1.8TD DCT 智尊PRO,吉利博越行驶过程中转向和底盘出现异响,"D59,G56,",2020-06-21,处理反馈
156,486770,一汽大众,捷达VS5,2019款 280TSI 自动 荣耀型,捷达VS5发动机抖动故障灯亮发动机舱漏水,"A24,A34,H109,",2020-06-21,信息审核
157,486768,吉利汽车,星越,2019款 350T 暗夜骑士限量版,吉利星越车机死机系统版本与宣传不符,"H155,M279,",2020-06-21,处理反馈
158,486766,吉利汽车,星越,2019款 350T 驭星者,吉利星越车机版本升级后依然卡顿,"O348,",2020-06-21,处理反馈
159,486762,林肯（进口）,林肯MKX,2017款 2.0T 四驱 尊雅版,林肯MKX经销商收取续保押金不退还,"K309,",2020-06-21,信息审核
160,486760,东风悦达起亚,起亚K3,2016款 1.6L 自动 GLS,东风悦达起亚K3前挡风玻璃开裂 变速箱脱挡,"B246,H113,",2020-06-21,厂家受理
161,486759,吉利汽车,帝豪GL,2017款 1.3T 自动 尊贵型,吉利帝豪GL自适应巡航故障4S店过度维修,"J306,",2020-06-21,处理反馈
162,486758,长城汽车,哈弗H8,2015款 2.0T 两驱 标准型 5座,哈弗H8天窗排水管堵塞电器控制模块浸水失灵,"H90,",2020-06-21,处理反馈
163,486757,北京现代,名图,2017款 1.6T 自动 智能型 GLS,北京现代名图天窗异响 转向异响,"D59,H89,",2020-06-21,信息审核
164,486756,东风标致,标致3008,2016款 2.0L 自动 潮流版,东风标致3008米其林轮胎出现开裂的现象,"F100,",2020-06-21,处理反馈
165,486755,吉利汽车,缤越,2020款 PRO 240T DCT 猎手,吉利缤越油箱起火导致车辆着火自燃,"H40,",2020-06-21,处理反馈
166,486751,上汽集团,名爵ZS,2020款 260TGI 自动 Trophy Plus L2+,上汽名爵ZS发动机异响 方向盘按键故障,"A9,H134,",2020-06-21,用户评分
167,486750,广汽本田,飞度,2016款 1.5L LXS CVT 舒适天窗版,广汽本田飞度头枕插杆无防锈处理无法调整,"H157,",2020-06-21,处理反馈
168,486749,吉利汽车,星越,2019款 350T 暗夜骑士限量版,吉利星越限量徽章与官方宣传不一致,"M279,",2020-06-21,处理反馈
169,486738,上汽大众,朗逸,2017款 1.6L 手动 舒适版,上汽大众朗逸副驾驶门锁不住刹车异响,"E43,H197,",2020-06-21,信息审核
170,486737,广汽本田,飞度,2014款 1.5L 手动 LX舒适型,广汽本田飞度冷车启动时发动机异响严重,"A9,",2020-06-21,处理反馈
171,486730,吉利汽车,星越,2019款 改款 350T 耀星者,吉利星越车机更新后呼叫启动没反应,"O348,",2020-06-21,用户评分
172,486729,上汽通用五菱,五菱宏光,2014款 1.5L 标准型,上汽通用五菱宏光发动机报警怠速高,"A34,A38,",2020-06-21,处理反馈
173,486728,吉利汽车,星越,2019款 350T 耀星者,吉利星越车机升级后依然卡顿要求处理,"O348,",2020-06-21,处理反馈
174,486727,吉利汽车,帝豪,2017款 1.5L CVT 豪华型 三厢 百万款,吉利帝豪起步时变速箱顿挫要求处理,"B19,",2020-06-21,处理反馈
175,486722,吉利汽车,缤越,2019款 260T DCT 骑士 国VI,吉利缤越车机无法升级 门窗漏风 刹车异响,"E43,H144,L314,",2020-06-21,处理反馈
176,486721,奇瑞新能源,奇瑞eQ1,2017款 智享版,奇瑞eQ1动力电池故障导致报警希望处理,"H343,",2020-06-21,厂家受理
177,486717,长安汽车,锐程CC,2020款 1.5T 自动 潮锐型,长安锐程CC无法升挡影响正常使用,"B20,",2020-06-21,处理反馈
178,486716,上汽斯柯达,速派,2013款 1.4T DSG 绅仕版,斯柯达速派起步时变速箱故障无法行驶,"B84,",2020-06-21,信息审核
179,486707,吉利汽车,博越,2020款 1.8TD DCT 智慧PRO,吉利博越宣传与实车不符无挡位灯,"M279,",2020-06-21,处理反馈
180,486706,上汽大众,桑塔纳,2017款 1.6L 手动 风尚型 Cross,上汽大众桑塔纳韩泰轮胎开裂半轴球笼漏油,"F100,G56,G161,",2020-06-21,信息审核
181,486705,吉利汽车,星越,2019款 改款 350T 耀星者,吉利星越车机系统升级后卡顿问题解决,"O348,",2020-06-21,用户评分
182,486704,东风本田,本田CR-V,2015款 2.4L 两驱 豪华版,东风本田CR-V发动机熄火希望厂家处理,"A14,J298,J301,",2020-06-21,处理反馈
183,486700,众泰汽车,众泰E200,2018款 Pro,众泰E200行驶过程中失去动力存在安全隐患,"A346,I295,L310,N318,",2020-06-21,信息审核
184,486699,一汽-大众,探岳,2019款 330TSI 两驱 尊贵型 国V,一汽大众探岳大灯亮度严重不足影响安全,"H82,",2020-06-21,处理反馈
185,486698,奇瑞汽车,瑞虎5x,2019款 HERO 1.5T DCT 高能版,奇瑞瑞虎5x车机系统反应慢断线希望厂家解决,"H21,H155,",2020-06-21,处理反馈
186,486696,吉利汽车,星越,2019款 300T 耀星者,吉利星越车机系统死机系统与宣传不符,"H155,M279,",2020-06-21,处理反馈
187,486695,吉利汽车,星越,2019款 350T 耀星者,吉利星越车机系统死机升级无人通知,"H155,L314,",2020-06-21,处理反馈
188,486694,吉利汽车,远景X6,2016款 1.3T CVT 豪华型,吉利远景X6发动机冷车启动困难转速低,"A44,A35,",2020-06-21,处理反馈
189,486691,一汽-大众奥迪,奥迪A4L,2019款 40 TFSI 时尚型 国VI,一汽大众奥迪A4L空调风口吹自然风有异味,"H121,I295,J298,",2020-06-21,信息审核
190,486690,上汽大众,途观L,2018款 330TSI 自动 两驱 舒适版,上汽大众途观L车辆无法启动要求厂家处理,"B22,E74,E62,I295,",2020-06-21,信息审核
191,486689,吉利汽车,星越,2019款 300T 耀星者,吉利星越车机系统黑屏与宣传不符,"H155,M279,",2020-06-21,处理反馈
192,486687,广汽本田,雅阁,2016款 2.0L CVT  舒适版,广汽本田雅阁转向机异响厂家否认质量问题,"D59,I292,",2020-06-21,处理反馈
193,486685,华晨中华,中华V3,2019款 1.5L 自动 精英型,中华V3电瓶无故没电存在漏电现象,"H146,",2020-06-21,信息审核
194,486684,比亚迪,比亚迪e5,2018款 450 智联 畅享型,比亚迪e5动力电池故障4S店服务态度恶劣,"H343,I295,I293,I282,I281,J298,J303,N318,",2020-06-21,处理反馈
195,486683,东风本田,杰德,2016款 1.8L 自动 舒适精英版 5座,东风本田杰德左前升降器故障4S店拒赔,"H72,H67,I297,",2020-06-21,厂家受理
196,486682,东风乘用车,风神AX7,2016款 2.0L 自动 智悦型,东风风神AX7车身生锈腐蚀希望厂家处理,"H79,I297,",2020-06-21,处理反馈
197,486678,吉利汽车,嘉际,2019款 1.5TD MHEV DCT 尊享型,吉利嘉际流光氛围灯虚假宣传与实车不符,"M279,",2020-06-21,处理反馈
198,486677,东风本田,本田UR-V,2017款 240TURBO 两驱 经典版 国V,东风本田UR-V后备箱严重漏水车胎偏磨,"G245,",2020-06-21,处理反馈
199,486675,上汽大通,上汽MAXUS G10,2021款 2.0T 手动 精英版 柴油 7座,上汽大通G10后备箱门把手断裂厂家拒赔,"H233,I297,",2020-06-21,处理反馈
200,486672,上汽大众,朗逸,2017款 1.6L 手动 舒适版,上汽大众朗逸车内异响服务态度恶劣,"H164,",2020-06-21,信息审核
201,486668,众泰汽车,众泰T800,2018款 2.0T 尊贵智联型 7座,众泰T800中控台异响 变速箱故障灯亮,"B96,B246,H93,",2020-06-21,处理反馈
202,486665,一汽大众,捷达VS5,2019款 280TSI 自动 悦享型,一汽大众捷达VS5导水槽漏水导致涡轮生锈,"H109,",2020-06-21,信息审核
203,486664,吉利新能源,星越新能源,2019款 改款 400T 耀星者 纯电动续航56KM,吉利星越新能源车机死机要求更换硬件,"H155,M279,",2020-06-21,处理反馈
204,486661,一汽大众,捷达VS5,2019款 280TSI 自动 悦享型,一汽大众捷达VS5低速行驶中右前轮异响,"G125,",2020-06-21,信息审核
205,486655,吉利汽车,星越,2019款 300T 耀星者,吉利星越车机系统出现死机现象希望尽快处理,"H155,M279,",2020-06-21,处理反馈
206,486653,东风风行,景逸X3,2016款 1.5L 豪华型,东风风行景逸X3行驶中右后下摆臂断裂,"G210,H168,",2020-06-21,处理反馈
207,486650,吉利汽车,星越,2019款 350T 耀星者,吉利星越车机系统黑屏版本与宣传不符,"H155,M279,",2020-06-21,处理反馈
208,486648,吉利汽车,博越,2020款 1.8TD DCT 智领PRO,吉利博越雾灯以及挡位灯与宣传不符,"Q350,",2020-06-21,处理反馈
209,486643,吉利汽车,博越,2020款 1.8TD DCT 智领PRO,吉利博越实车配置与宣传不符要求解决,"M279,",2020-06-21,处理反馈
210,486642,长城汽车,长城C30,2016款 1.5L AMT 豪华型,长城C30变速箱挂挡异响车身生锈,"A9,H79,",2020-06-21,处理反馈
211,486641,北京现代,领动,2020款 1.4T 双离合 炫动・旗舰型,北京现代领动发动机漏油变速箱起步顿挫,"A12,A189,B33,B19,",2020-06-21,信息审核
212,486638,一汽-大众奥迪,奥迪A6L,2018款 30 FSI CVT 风尚型,一汽大众奥迪A6L天窗漏水4S店维修多次,"H90,I295,J298,",2020-06-21,信息审核
213,486637,吉利汽车,星越,2019款 350T AWD 驭星者,吉利星越车机与宣传不符 内饰异响,"H93,",2020-06-21,处理反馈
214,486635,吉利汽车,缤越,2019款 260T DCT 游侠 运动款 国V,吉利缤越4S店收取13000元定损费,"K307,",2020-06-21,处理反馈
215,486634,一汽丰田,卡罗拉,2018款 1.2T S-CVT GL智享版,一汽丰田卡罗拉后挡风玻璃自动爆裂,"H113,",2020-06-21,信息审核
216,486632,东风日产,天籁,2016款 2.0L XL 舒适版 改款,东风日产天籁仪表盘开裂 厂家不索赔,"H168,I297,",2020-06-21,用户评分
217,486631,一汽-大众,宝来,2019款 1.5L 自动 精英型,一汽大众宝来电池电量不足自动启停无法激活,"H146,",2020-06-21,用户评分
218,486630,吉利汽车,博越,2020款 1.8TD DCT 智领PRO,吉利博越实车变速箱没有挡位灯指示,"M279,",2020-06-21,处理反馈
219,486627,吉利汽车,帝豪GS,2016款 1.3T 自动 领尚型 运动版,吉利帝豪GS发动机异响车身生锈厂家不处理,"A9,B33,H79,H101,H82,H157,I295,",2020-06-21,处理反馈
220,486626,广汽丰田,凯美瑞,2016款 2.0G 自动 十周年纪念领先版,广汽丰田凯美瑞左前半轴油封漏油,"G51,",2020-06-21,厂家受理
221,486625,长城汽车,哈弗H7,2017款 2.0T 尊贵型 蓝标 H7L,长城哈弗H7飞轮和离合器损坏4S店不保修,"C65,C267,I297,N317,",2020-06-21,处理反馈
222,486624,广汽本田,雅阁,2018款 260TURBO 豪华版 国V,广汽本田雅阁发动机渗油异响希望厂家处理,"A9,A12,E196,",2020-06-21,处理反馈
223,486623,长安汽车,长安CS35,2017款 1.6L 自动 豪华型,长安CS35行驶中方向盘跑偏无法解决,"G117,",2020-06-21,厂家受理
224,486621,东风标致,标致408,2015款 1.2T 自动 豪华版,东风标致408行驶中加速出现失速车辆抖动,"A24,A160,B95,B334,I295,",2020-06-21,处理反馈
225,486619,上汽大众,朗逸,2017款 1.6L 自动 舒适版,上汽大众朗逸车内异味严重4S店不给解决,"H185,",2020-06-21,信息审核
226,486615,吉利汽车,星越,2019款 350T 驭星者,吉利星越车机系统升级后未能解决问题,"O348,",2020-06-21,处理反馈
227,486613,吉利汽车,星越,2019款 改款 350T 耀星者,吉利星越车机系统死机与官方宣传不一致,"H155,M279,",2020-06-21,处理反馈
228,486611,吉利汽车,嘉际,2019款 1.5TD MHEV DCT 耀享型,吉利嘉际轻混电动机噪音大4S店无法解决,"A342,I295,",2020-06-21,处理反馈
229,486608,广汽丰田,凯美瑞,2016款 2.5G 自动 十周年纪念豪华导航版,广汽丰田凯美瑞半轴防尘套漏油4S店不保修,"G161,I297,Q322,Q290,",2020-06-21,厂家受理
230,486597,上汽大众,Polo,2016款 1.6L 自动 豪华型,上汽大众Polo轮胎偏磨4S店私自维修无单据,"F10,I295,I293,J298,O305,O324,",2020-06-21,信息审核
231,486592,吉利汽车,星越,2019款 350T 耀星者,吉利星越车机死机硬件与宣传不符要求更换,"H155,M279,",2020-06-21,处理反馈
232,486588,上汽斯柯达,柯迪亚克,2018款 TSI330 两驱 舒适版 5座,上汽斯柯达柯迪亚克发动机共振中控台异响,"A24,H164,H93,I295,",2020-06-21,信息审核
233,486587,长安马自达,马自达3 昂克赛拉,2016款 1.5L 自动 豪华型 三厢,长安马自达昂克赛拉中控屏开裂4S店不保修,"H168,I297,",2020-06-21,信息审核
234,486586,吉利汽车,远景,2016款 1.5L 自动 幸福版,吉利远景变速箱出现故障 倒挡失灵,"B115,",2020-06-21,处理反馈
235,486585,东风雪铁龙,C4世嘉,2016款 1.2THP 自动 旗舰型,雪铁龙C4世嘉方向管柱松动 ABS传感器故障,"D265,E74,",2020-06-21,处理反馈
236,486584,一汽-大众,探岳,2019款 330TSI 两驱 豪华型 国V,一汽大众探岳大灯模糊 影响照明,"H82,",2020-06-21,处理反馈
237,486577,东风英菲尼迪,英菲尼迪Q50L,2015款 2.0T 自动 舒适版,东风英菲尼迪Q50L开热风时车内存在汽油味,"H101,",2020-06-21,信息审核
238,486576,江淮汽车,嘉悦A5,2020款 1.5T CVT 超越型,江淮嘉悦A5后备箱门把手装饰板松动,"H179,H233,",2020-06-21,处理反馈
239,486575,蔚来,蔚来ES8,2018款 创始版,蔚来ES8自动驾驶辅助摄像头故障,"H134,",2020-06-21,信息审核
240,486574,东风本田,INSPIRE,2019款 锐・混动 2.0L 净雅版 国VI,东风本田INSPIRE锈蚀严重4S店服务态度恶劣,"H79,I295,I293,",2020-06-21,处理反馈
241,486570,北京奔驰,奔驰GLC,2019款 GLC 260 4MATIC 动感型,北京奔驰GLC减震器漏油 刹车异响眼镜盒脱落,"E43,G25,H168,",2020-06-21,信息审核
242,486568,上汽大通,上汽MAXUS G50,2019款 1.5T 自动 豪华版 国V,上汽大通G50冷媒泄漏 空调不制冷,"H101,",2020-06-21,处理反馈
243,486566,吉利汽车,星越,2019款 350T 耀星者,吉利星越车机系统出现死机要求升级硬件,"H155,",2020-06-21,处理反馈
244,486564,东风标致,标致408,2014款 1.6T 自动 至尊版,东风标致408后桥异响存在安全隐患要求召回,"G158,",2020-06-21,处理反馈
245,486561,上汽大众,朗逸,2017款 1.6L 自动 舒适版,上汽大众朗逸熄火后转向系统故障灯亮,"D291,",2020-06-21,信息审核
246,486545,长安马自达,马自达3 昂克赛拉,2016款 1.5L 手动 豪华型 三厢,长安马自达昂克赛拉屏幕边缘处脱胶,"H168,",2020-06-21,信息审核
247,486544,广汽丰田,凯美瑞,2009款 240G 2.4 自动 豪华(升级)版,广汽丰田凯美瑞发动机烧机油严重,"A63,",2020-06-21,厂家受理
248,486542,吉利汽车,星越,2019款 350T AWD 驭星者,吉利星越变速箱顿挫 减震异响 车机死机,"B19,G52,H155,",2020-06-21,处理反馈
249,486541,吉利汽车,星越,2019款 改款 350T 驭星者AWD,吉利星越车机系统升级后未能解决问题,"O348,",2020-06-21,处理反馈
250,486540,猎豹汽车,猎豹CS9,2017款 1.5L CVT 精英型,猎豹CS9发动机高温维修后无法解决,"A191,",2020-06-21,信息审核
251,486539,上汽大众,朗逸,2017款 1.6L 自动 舒适版,上汽大众朗逸韩泰轮胎开裂希望更换,"F100,",2020-06-20,信息审核
252,486537,上汽通用五菱,五菱宏光,2020款 1.2L S 基本型 国VI LSI,上汽通用五菱宏光左后车轮摆动维修后未解决,"G204,",2020-06-20,处理反馈
253,486535,吉利汽车,星越,2019款 350T 耀星者,吉利星越车机系统升级措施不到位,"O348,",2020-06-20,处理反馈
254,486533,长安汽车,长安CS75 PLUS,2020款 2.0T 自动 领航型,长安CS75 PLUS车漆破损 引擎盖生锈,"H79,",2020-06-20,处理反馈
255,486532,一汽丰田,皇冠,2018款 2.0T 运动版,一汽丰田皇冠刹车异响转向异响4S店未解决,"D59,E43,G52,I295,J298,",2020-06-20,信息审核
256,486531,东南汽车,东南DX3,2018款 1.5L 手动 旗舰型,东南DX3打方向时转向沉不回正4S店不处理,"D123,D156,D154,I295,J300,",2020-06-20,用户评分
257,486529,江淮汽车,瑞风S3,2016款 1.5L 手动 豪华型,江淮瑞风S3车内异味严重希望厂家给予解决,"H185,I295,",2020-06-20,处理反馈
258,486528,吉利汽车,星越,2019款 350T 驭星者,吉利星越方向盘异响车机系统与宣传不符,"D59,H134,M279,",2020-06-20,处理反馈
259,486527,吉利汽车,星越,2019款 350T 耀星者,吉利星越行驶中方向跑偏 刹车盘异响,"E43,G117,",2020-06-20,处理反馈
260,486523,广汽丰田,凯美瑞,2019款 2.5G 豪华版 国VI,广汽丰田凯美瑞制动时变速箱故障无法减速,"B115,",2020-06-20,厂家受理
261,486521,一汽-大众,宝来,2019款 改款 280TSI DSG 精英型 国V,一汽大众宝来仪表盘罩开裂4S店不给保修,"H168,I297,",2020-06-20,处理反馈
262,486520,长安汽车,长安CS75 PLUS,2020款 2.0T 自动 旗舰型,长安CS75 PLUS全景影像模糊 车机卡顿,"H134,M279,M283,",2020-06-20,处理反馈
263,486512,广汽本田,飞度,2014款 1.5L CVT SE时尚型,广汽本田飞度发动机异响希望厂家给与保修,"A9,I297,",2020-06-20,处理反馈
264,486511,吉利汽车,星越,2019款 350T 耀星者,吉利星越车机与宣传不符出现死机黑屏,"H155,",2020-06-20,处理反馈
265,486510,一汽-大众,迈腾,2017款 330TSI DSG 豪华型,一汽大众迈腾变速箱顿挫 厂家不回复,"B19,I294,",2020-06-20,处理反馈
266,486509,一汽-大众,探岳,2019款 330TSI 四驱 豪华型 国V,一汽大众探岳两前大灯透镜发白4S店不处理,"H82,I295,",2020-06-20,处理反馈
267,486505,上汽大众,朗逸,2017款 1.6L 自动 风尚版,上汽大众朗逸轮胎胎面开裂厂家不予解决,"F100,I295,I297,",2020-06-20,信息审核
268,486504,长城汽车,哈弗H6 Coupe,2016款 1.5T 自动 两驱精英型,哈弗H6Coupe涡轮增压器损坏不解决问题,"A189,I295,",2020-06-20,处理反馈
269,486501,一汽丰田,卡罗拉,2011款 1.6 自动 GL 纪念版,一汽丰田卡罗拉4S店更换非原厂车门拒不承认,"J303,N319,",2020-06-20,信息审核
270,486500,吉利汽车,远景,2018款 1.5L 自动 幸福版,吉利远景4S店维修后漆面多处损伤不处理,"H72,I295,J298,J300,J304,",2020-06-20,处理反馈
271,486498,一汽奔腾,奔腾T77,2019款 230 TID 自动 豪华型 国V,一汽奔腾T77车身漏电电瓶损坏4S店不保修,"H146,H110,I297,J298,",2020-06-20,信息审核
272,486495,广汽三菱,欧蓝德,2019款 2.0L 两驱 畅享版 5座 国VI,三菱欧蓝德发动机抖动噪音大厂家不解决,"A24,B19,I295,I294,J300,L314,",2020-06-20,厂家受理
273,486494,华晨宝马,宝马X1,2013款 sDrive18i 2.0L 自动 领先型,华晨宝马X1车内异味严重4S店不予保修,"H185,I297,",2020-06-20,厂家受理
274,486490,东风乘用车,风神AX7,2018款 1.6T 自动 豪华型,东风风神AX7车内进水多次4S店不给解决,"H90,I295,I297,J298,",2020-06-20,处理反馈
275,486489,上汽集团,荣威Ei5,2019款 智联旗舰版,上汽荣威Ei5充电慢且充电时自动断开,"H340,",2020-06-20,处理反馈
276,486486,吉利汽车,帝豪GL,2019款 1.4T CVT 精英智享版,吉利帝豪GL中控台排挡杆异响4S店不处理,"H164,H93,I295,J298,",2020-06-20,处理反馈
277,486481,东风标致,标致408,2015款 1.2T 自动 豪华版,东风标致408行驶中底盘异响厂家拒绝保修,"G158,I297,Q290,",2020-06-20,信息审核
278,486477,广汽菲克菲亚特,致悦,2014款 1.4T 自动 舒适型,广汽菲亚特致悦行驶中变速箱失去动力,"B334,B77,I297,",2020-06-20,厂家受理
279,486474,长城汽车,风骏7,2019款 2.0T 柴油 两驱 精英型 国VI 大双 4D20M,长城风骏7发动机无法启动4S店不处理,"A44,I295,I297,",2020-06-20,处理反馈
280,486473,东风悦达起亚,起亚K3,2019款 1.4T DCT GT-line智享运动版,东风锐达起亚K3底盘异响要求厂家解决,"G56,G180,",2020-06-20,处理反馈
281,486471,东风日产,天籁,2020款 2.0L XL 舒适版,东风日产天籁车辆跑偏4S店多次维修敷衍了事,"G117,I295,J298,",2020-06-20,用户评分
282,486470,海马汽车,海马S5,2015款 1.5T CVT 豪华型 运动版,海马S5变速箱故障方向沉没有4S店维修,"A34,A163,B20,D156,N318,O326,",2020-06-20,信息审核
283,486468,一汽-大众奥迪,奥迪Q5L,2018款 40 TFSI 荣享进取型 国V,一汽大众奥迪Q5L行驶中变速箱换挡顿挫,"B33,B19,I295,J298,",2020-06-20,信息审核
284,486466,吉利汽车,博越,2020款 1.8TD DCT 智慧PRO,吉利博越实车没有挡位指示灯与宣传不符,"M279,",2020-06-20,处理反馈
285,486465,长安马自达,马自达3 昂克赛拉,2016款 2.0L 自动 旗舰型 三厢,长安马自达昂克赛拉中控屏幕四周多处开裂,"H168,I297,",2020-06-20,信息审核
286,486463,吉利汽车,远景,2016款 1.5L 自动 幸福版,吉利远景变速箱损坏无法加速4S店不予保修,"B334,I297,",2020-06-20,用户评分
287,486462,吉利汽车,帝豪,2014款 1.3T CVT 精英型 两厢,吉利帝豪车身以及车门生锈腐蚀严重,"H79,",2020-06-20,处理反馈
288,486460,一汽丰田,RAV4荣放,2020款 双擎 2.5L CVT 四驱 精英PLUS版,一汽丰田荣放RAV4车身B柱装饰板腐蚀,"H157,",2020-06-20,信息审核
289,486459,吉利汽车,远景,2016款 1.5L 自动 幸福版,吉利远景挂倒挡时不踩油门车辆无法移动,"B334,",2020-06-20,处理反馈
290,486458,奇瑞捷豹路虎,发现神行,2017款 2.0T PURE,奇瑞捷豹路虎发现神行启动后发动机异响,"A9,",2020-06-20,处理反馈
291,486453,吉利汽车,星越,2019款 350T AWD 驭星者,吉利星越传动轴生锈半轴生锈,"H79,",2020-06-20,处理反馈
292,486452,一汽丰田,卡罗拉,2019款 1.2T S-CVT GL-i精英版,一汽丰田卡罗拉新车右前叶子板有修复痕迹,"M284,",2020-06-20,信息审核
293,486451,江淮汽车,瑞风S4,2019款 1.6L CVT 梦想型,江淮瑞风S4中控仪表盘开裂4S店拒绝索赔,"H168,I297,",2020-06-20,处理反馈
294,486449,东风标致,标致408,2015款 1.2T 自动 荣耀版,东风标致408更换正时皮带后发动机烧机油,"A63,",2020-06-20,处理反馈
295,486447,上汽集团,荣威RX5 MAX,2019款 300TGI 自动 智能座舱旗舰版,上汽荣威RX5 MAX行驶中变速箱跳挡,"B27,",2020-06-20,处理反馈
296,486446,东风标致,标致408,2014款 1.8L 自动 豪华版,东风标致408转弯时后桥严重异响,"G158,",2020-06-20,处理反馈
297,486445,东风雷诺,科雷嘉,2019款 SCe200 自动 两驱 智悦型 周年版 国V,东风雷诺科雷嘉EASYLINK车联网服务改为收费,"L313,",2020-06-20,信息审核
298,486444,东风本田,本田XR-V,2020款 220 TURBO CVT 豪华版,东风本田XR-V行驶中底盘装甲突然掉落,"J299,J304,",2020-06-20,用户评分
299,486442,上汽大众,途观,2012款 1.4TSI 手动 两驱 都会版,上汽大众途观4S店用外采件充当原装配件,"N319,",2020-06-20,信息审核
300,486441,吉利汽车,缤越,2019款 260T DCT 骑士 国V,吉利缤越车机升级不兑现 出现死机,"H155,L314,",2020-06-20,处理反馈
301,486433,广汽本田,皓影,2020款 锐・混动 2.0L 两驱 锐・豪华版,广汽本田皓影后视镜玻璃脱落厂家拒绝更换,"H211,",2020-06-20,处理反馈
302,486432,长安汽车,长安UNI-T,2020款 1.5T 尊贵型,长安UNI-T主驾驶化妆灯与宣传不符,"Q350,",2020-06-20,厂家受理
303,486431,吉利汽车,帝豪,2016款 1.5L 手动 向上版 三厢,吉利帝豪转向抖动异响 减震器漏油 车窗漏风,"D80,G25,H144,",2020-06-20,处理反馈
304,486430,吉利汽车,缤越,2019款 260T DCT 骑士 国V,吉利缤越车机无法升级 车窗漏风 刹车异响,"E43,H144,L314,",2020-06-20,处理反馈
305,486427,吉利汽车,远景,2020款 1.5L CVT 亚运版,吉利远景胎压监测系统疑似简配,"Q350,",2020-06-20,处理反馈
306,486423,上汽大众,朗逸,2017款 1.6L 手动 舒适版,上汽大众朗逸半轴油封漏油要求免费更换,"G51,",2020-06-20,信息审核
307,486422,吉利汽车,嘉际,2019款 1.5TD MHEV DCT 臻享型,吉利嘉际车机系统版本低无法使用,"M279,",2020-06-20,处理反馈
308,486421,长安汽车,逸动XT,2016款 1.6L GDI 自动 锐酷型 XT,长安逸动XT变速箱挂入P挡后卡死,"B184,",2020-06-20,处理反馈
309,486418,广汽丰田,丰田C-HR,2018款 2.0L 领先天窗版 国VI,广汽丰田C-HR邓禄普轮胎外侧出现裂纹,"F100,",2020-06-20,厂家受理
310,486417,东风雪铁龙,爱丽舍,2018款 1.6L 手动 时尚型,东风雪铁龙爱丽舍刹车片异常磨损,"E47,",2020-06-20,处理反馈
311,486416,北京现代,菲斯塔,2019款 280TGDi 运动版 国V,北京现代菲斯塔天窗异响 蓝牙断开,"H155,H89,",2020-06-20,信息审核
312,486415,东风风行,风行M6,2019款 1.5T 手动 长轴尊享型 7座,东风风行M6离合器漏油4店推脱不处理,"C207,",2020-06-20,处理反馈
313,486414,一汽-大众,探岳,2019款 330TSI 两驱 豪华型 国Ⅵ,一汽大众探岳车灯不亮希望尽快处理,"H82,",2020-06-20,处理反馈
314,486413,猎豹汽车,Mattu,2018款 1.6T GDI DCT 精英型,猎豹Mattu发动机故障变速箱无动力输出,"A34,B246,H170,",2020-06-20,信息审核
315,486411,广汽丰田,凯美瑞,2018款 2.5HG E-CVT 豪华版,广汽丰田凯美瑞机油增多无法解决,"A339,",2020-06-20,厂家受理
316,486409,一汽-大众,探岳,2019款 330TSI 两驱 豪华型Plus 国V,一汽大众探岳大灯照明度不足 灯泡出现雾化,"H82,",2020-06-20,处理反馈
317,486400,吉利汽车,星越,2019款 350T 暗夜骑士限量版,吉利星越车机与宣传不符出现死机现象,"H155,M279,",2020-06-20,处理反馈
318,486396,一汽-大众,宝来,2014款 1.6L 自动 时尚型,一汽大众宝来车内进水4S店找不到原因,"H109,",2020-06-20,处理反馈
319,486395,广汽本田,雅阁,2018款 260TURBO 豪华版 国V,广汽本田雅阁电子手刹异响需要尽快处理,"E43,E159,",2020-06-20,处理反馈
320,486392,吉利汽车,缤越,2019款 260T DCT 骑士 国V,吉利缤越门窗漏风 车机版本老旧,"H144,L314,",2020-06-20,处理反馈
321,486391,上汽通用五菱,五菱宏光,2019款 1.5L S 舒适型 国VI LAR,上汽通用五菱宏光行驶中突然熄火,"A14,",2020-06-20,处理反馈
322,486388,一汽-大众,速腾,2019款 280TSI DSG 舒适型 国VI,一汽大众速腾发动机故障灯多次报警,"A34,",2020-06-20,处理反馈
323,486387,上汽集团,荣威350,2010款 1.5 手动 讯驰版 350S,上汽荣威350空调冷热风无法切换,"H101,",2020-06-20,信息审核
324,486386,东风雪铁龙,雪铁龙C4L,2014款 1.6THP 自动 智驱版 劲智型,东风雪铁龙C4L发动机正时链条套件故障,"A45,",2020-06-20,处理反馈
325,486385,星途,星途LX,2019款 1.6T 星睿版,星途LX发动机与变速箱连接处漏油,"A12,B22,",2020-06-20,信息审核
326,486383,吉利汽车,缤越,2019款 260T DCT 骑士 国V,吉利缤越门窗漏风 车机版本老旧,"H144,L314,",2020-06-20,处理反馈
327,486379,长安马自达,马自达3 昂克赛拉,2017款 2.0L 自动 旗舰型 三厢 国V,长安马自达昂克赛拉后视镜自动折叠功能失灵,"H211,",2020-06-20,信息审核
328,486378,野马汽车,野马T70,2016款 1.5T 手动 豪华型 升级版,野马T70倒车影像不显示黑屏厂家无配件,"H134,N318,",2020-06-20,处理反馈
329,486377,广汽讴歌,讴歌CDX,2019款 1.5T 两驱 尊享版,广汽讴歌CDX变速箱顿挫车顶钢板太软,"B19,Q322,",2020-06-20,处理反馈
330,486376,奇瑞汽车,艾瑞泽5,2017款 1.5L 手动 领潮版,奇瑞艾瑞泽5空调制冷效果差存在质量问题,"H101,",2020-06-20,处理反馈
331,486375,广汽本田,缤智,2020款 1.5L CVT 先锋版,广汽本田缤智优科豪马轮胎漏气售后不予质保,"F41,",2020-06-20,用户评分
332,486372,上汽通用五菱,新宝骏RS-5,2019款 1.5T CVT 智能驾控豪华版 国V,新宝骏RS-5玲珑轮胎龟裂 起皮严重,"F100,F186,",2020-06-20,处理反馈
333,486368,东南汽车,东南DX3,2018款 1.5L 手动 尊贵型,东南DX3离合器异响4S店维修后未解决,"C65,",2020-06-20,处理反馈
334,486361,东风悦达起亚,凯绅,2019款 1.8L 自动 GLS,东风悦达起亚凯绅后备箱盖生锈严重,"H79,",2020-06-20,处理反馈
335,486353,吉利汽车,星越,2019款 350T 暗夜骑士限量版,吉利星越车机与宣传不符 中控台异响,"H93,M279,",2020-06-20,处理反馈
336,486352,长安马自达,马自达3 昂克赛拉,2016款 1.5L 自动 豪华型 三厢,长安马自达昂克赛拉中控导航屏幕无故脱胶,"H134,H168,",2020-06-20,信息审核
337,486351,长安汽车,长安CS55 PLUS,2020款 1.5T 自动 炫色型,长安CS55 PLUS起步3100转换挡 悬挂异响,"B69,G204,",2020-06-20,用户评分
338,486350,东风启辰,启辰D60,2019款 十万荣耀 1.6L Entry 手动 辰尚版 国VI,启辰D60后轮眉位置掉漆生锈存在质量问题,"H79,H81,",2020-06-20,信息审核
339,486349,吉利汽车,博越,2018款 1.8TD 自动 两驱 智联型 4G互联版,吉利博越刹车异响变速箱挂挡顿挫严重,"B19,E43,",2020-06-20,用户评分
340,486347,华晨宝马,宝马3系,2017款 320i M 运动型,宝马3系冷却液水管断裂发动机高温报警,"A37,A191,H168,",2020-06-20,信息审核
341,486342,吉利汽车,博越,2018款 1.8TD 自动 两驱 智联型 4G互联版,吉利博越手机APP无法控制车窗及定位,"H155,",2020-06-20,处理反馈
342,486341,众泰汽车,众泰SR9,2017款 2.0T 自动 极致之梦版,众泰SR9行驶中变速箱异响挂挡无法行驶,"B33,B334,",2020-06-20,处理反馈
343,486339,上汽大众,朗逸,2019款 280TSI DSG 舒适版 国VI,上汽大众朗逸刹车异响 变速箱异响,"B33,E43,",2020-06-20,厂家受理
344,486336,上汽大众,朗逸,2018款 280TSI DSG豪华版 两厢 国V,上汽大众朗逸轮毂氧化售后不予质保,"H243,",2020-06-20,信息审核
345,486335,一汽-大众,探岳,2019款 380TSI 四驱 R-Line 国VI,一汽大众探岳大灯亮度不够透镜上有指纹,"H82,H60,",2020-06-20,处理反馈
346,486332,沃尔沃亚太,沃尔沃S60新能源,2015款 2.0T 智越版 E驱混动,沃尔沃S60新能源召回后空调问题频发,"H101,",2020-06-20,信息审核
347,486329,一汽-大众,速腾,2019款 200TSI 手动 舒适型 国VI,一汽大众速腾一挡起步时转速自动升高,"A35,",2020-06-20,处理反馈
348,486328,上汽集团,名爵HS,2019款 30T 自动 两驱 Trophy超燃版 国VI,上汽名爵HS发动机排放故障频发 动力消失,"A34,A255,B96,",2020-06-20,用户评分
349,486327,吉利汽车,帝豪GS,2018款 1.4T 自动 领潮版 领尚智联型,吉利帝豪GS 4S店私自收回购车合同,"K309,L313,",2020-06-20,处理反馈
350,486321,上汽大众,途观L,2017款 330TSI 两驱 豪华版,上汽大众途观L车身共振影响驾驶安全,"H268,",2020-06-20,信息审核
351,486318,广汽丰田,凯美瑞,2015款 2.0G 自动 领先版,广汽丰田凯美瑞左前半轴有漏油现象,"G51,",2020-06-20,厂家受理
352,486314,奥迪（进口）,奥迪A1,2014款 30 TFSI Sportback 时尚型,进口奥迪A1变速箱机电单元故障引起故障灯亮,"B96,B84,",2020-06-20,信息审核
353,486312,Jeep（进口）,指南者（进口）,2014款 2.4L 自动 四驱 舒适版 改款,进口Jeep指南者隔音棉问题导致车内异味,"H185,",2020-06-20,厂家受理
354,486311,一汽-大众,迈腾,2017款 330TSI DSG 豪华型,一汽大众迈腾行驶中变速箱报警 挡位缺失,"B19,B96,B84,",2020-06-20,处理反馈
355,486308,吉利汽车,嘉际,2019款 1.5TD MHEV DCT 尊享型,吉利嘉际尊享版和高配氛围灯虚假宣传,"M279,",2020-06-20,处理反馈
356,486304,北汽新能源,北汽新能源EU5,2018款 EU5 R500 智尚版,北汽新能源EU5行驶时变速箱脱挡无法挂挡,"B20,B246,",2020-06-20,处理反馈
357,486302,猎豹汽车,猎豹CS10,2017款 2.0T 手动 风尚型,猎豹CS10转向时异响并且卡顿 刹车抖动,"D59,D123,E111,",2020-06-20,信息审核
358,486298,一汽-大众,速腾,2018款 280TSI DSG熠动版,一汽大众速腾顶棚鼓包 大灯进雾 刹车盘生锈,"E42,H168,H88,",2020-06-20,处理反馈
359,486297,广汽本田,雅阁,2005款 2.4 自动 标准版,广汽本田雅阁吊拉设计的前悬挂存在安全隐患,"Q322,",2020-06-20,处理反馈
360,486296,北京奔驰,奔驰C级,2016款 200 L 运动型,北京奔驰C级空调系统无法调节温度影响使用,"H101,",2020-06-20,信息审核
361,486293,奇瑞汽车,艾瑞泽5,2016款 1.5L CVT 领臻版,奇瑞艾瑞泽5发动机生锈4S店不予解决,"A247,",2020-06-20,处理反馈
362,486288,吉利汽车,星越,2019款 改款 350T 驭星者AWD,吉利星越实车多项配置与厂家宣传不符,"M279,",2020-06-20,处理反馈
363,486287,长安马自达,马自达3 昂克赛拉,2020款 2.0L 自动 质雅版,长安马自达昂克赛拉新车车门出现下沉,"H149,",2020-06-20,信息审核
364,486286,吉利汽车,帝豪,2018款 1.5L 手动 豪华型,吉利帝豪发动机油耗高一直未解决,"A85,",2020-06-20,处理反馈
365,486283,长安汽车,长安CS75 PLUS,2020款 1.5T 自动 豪华型,长安CS75 PLUS车载微信缺失与宣传不符,"M279,",2020-06-20,处理反馈
366,486280,东风悦达起亚,智跑,2018款 2.0L 自动 智享豪华版,东风悦达起亚智跑发动机盖漆面开裂脱落,"H81,",2020-06-20,处理反馈
367,486279,广汽丰田,雷凌,2019款 185T CVT 运动版 国VI,广汽丰田雷凌变速箱换挡顿挫 转向异响,"B19,D59,",2020-06-20,厂家受理
368,486277,上汽通用五菱,宝骏360,2018款 1.5L 手动 精英型 国V,宝骏360更换的挡风玻璃漏水漏风4S店不解决,"I295,J303,",2020-06-20,处理反馈
369,486274,长安汽车,锐程CC,2020款 1.5T 自动 潮锐型,长安锐程CC行驶中突然熄火要求处理,"A14,",2020-06-20,处理反馈
370,486271,东风标致,标致408,2014款 1.8L 自动 豪华版,东风标致408发动机故障灯亮烧机油空调异响,"A34,A63,H101,",2020-06-20,处理反馈
371,486270,广汽丰田,雷凌,2017款 185T CVT 精英版 国V 改款,广汽丰田雷凌后减震器出现漏油的现象,"G25,",2020-06-20,厂家受理
372,486268,长安马自达,马自达3 昂克赛拉,2020款 2.0L 自动 质雅版,长安马自达昂克赛拉方向盘锁死故障灯亮,"D123,D265,D291,",2020-06-20,信息审核
373,486267,一汽红旗,红旗HS7,2019款 3.0T 自动 四驱 旗悦版,红旗HS7换挡机构故障导致P挡挂不上,"B184,",2020-06-20,信息审核
374,486266,一汽-大众,速腾,2019款 280TSI DSG 舒适型 国VI,一汽大众速腾升降挡时变速箱异响严重,"B33,",2020-06-20,处理反馈
375,486262,广汽三菱,劲炫ASX,2018款 2.0L CVT 两驱 智橙版,广汽三菱劲炫触摸屏死机厂家未回复,"H134,",2020-06-20,厂家受理
376,486261,比亚迪,比亚迪e2,2019款 400出行版,比亚迪e2下雨天前挡风玻璃上的雾气无法吹干,"H101,",2020-06-20,处理反馈
377,486260,上汽大众,凌渡,2017款 230TSI 手动 风尚版,上汽大众凌渡一键升降失灵销售不管售后问题,"H67,I295,",2020-06-20,信息审核
378,486257,江铃汽车,域虎3,2018款 2.5T 四驱 进取版 长轴距 柴油,江铃域虎3底盘异响 SVS故障灯亮,"A34,G56,",2020-06-20,厂家受理
379,486255,东风日产,骐达TIIDA,2020款 1.6L CVT 智行版,东风日产骐达减震器漏油售后服务态度差,"G25,I293,",2020-06-20,处理反馈
380,486254,上汽大众,朗逸,2019款 1.5L 自动 舒适版 国VI,上汽大众朗逸发动机存在金属撞击声,"A9,",2020-06-20,信息审核
381,486252,上汽集团,名爵6,2019款 20T 自动 运动版,上汽名爵6保养后异响且存在汽油味,"A9,J300,",2020-06-20,处理反馈
382,486251,一汽-大众,宝来,2019款 1.5L 手动 舒适型,一汽大众宝来发动机故障灯亮 离合器异响,"A34,C65,",2020-06-20,用户评分
383,486250,吉利汽车,缤瑞,2019款 200T DCT 缤驰版,吉利缤瑞变速箱油封损坏导致漏油,"B22,",2020-06-20,处理反馈
384,486249,吉利汽车,缤越,2019款 运动款 260T DCT Battle 国VI 运动款,吉利缤越厂家涉嫌欺诈不予升级车机系统,"E43,H168,L314,M284,",2020-06-20,处理反馈
385,486248,广汽丰田,凯美瑞,2018款 2.0G 自动 豪华版,广汽丰田凯美瑞正常行驶中天窗异响,"H89,",2020-06-20,厂家受理
386,486246,北京现代,领动,2016款 1.6L 自动 智炫・精英型,北京现代领动转向异响并且明显卡顿,"D59,D123,",2020-06-20,信息审核
387,486242,一汽-大众,探岳,2019款 征途版 280TSI 两驱 豪华型 国Ⅵ,一汽大众探岳大灯白内障模糊不清存在隐患,"H82,",2020-06-19,处理反馈
388,486241,上汽大众,途观L,2018款 330TSI 自动 两驱 豪华版,上汽大众途观L左后轮偏磨吃胎 四缸漏油,"A12,G245,",2020-06-19,信息审核
389,486240,长安马自达,马自达3 昂克赛拉,2016款 1.5L 自动 舒适型 三厢,长安马自达昂克赛拉行驶过程中空调不制冷,"H101,",2020-06-19,信息审核
390,486239,吉利汽车,缤越,2019款 260T DCT Battle 运动款 国V,吉利缤越导航无法定位 倒车镜风噪大,"H155,H211,L314,",2020-06-19,处理反馈
391,486237,东风本田,本田CR-V,2017款 240TURBO 自动 两驱 都市版,东风本田CR-V变速箱渗油希望尽快解决,"B22,",2020-06-19,用户评分
392,486235,吉利汽车,博瑞,2020款 1.5T MHEV 耀享版,吉利博瑞旧车置换补贴款承诺不兑现,"L313,",2020-06-19,处理反馈
393,486234,吉利汽车,博越,2020款 1.8TD DCT 智尊PRO,吉利博越原地打方向异响 无挡位灯及雾灯,"D59,M279,",2020-06-19,处理反馈
394,486233,一汽-大众,迈腾,2019款 330TSI DSG 领先型 国V,一汽大众迈腾低速加速时变速箱存在口哨声,"B33,",2020-06-19,处理反馈
395,486232,观致汽车,观致5,2018款 1.6T 自动 尊贵型,观致5换挡逻辑混乱且变速箱脱挡,"B246,B69,",2020-06-19,信息审核
396,486227,一汽-大众,高尔夫・嘉旅,2016款 1.6L 自动 舒适型,一汽大众高尔夫嘉旅变速箱故障灯亮,"B96,",2020-06-19,处理反馈
397,486224,北京奔驰,奔驰C级,2020款 C 260 运动版,北京奔驰C级韩泰轮胎容易鼓包破损,"F39,",2020-06-19,信息审核
398,486222,一汽-大众奥迪,奥迪Q2L,2020款 35TFSI 时尚动感型,一汽大众奥迪Q2L变速箱异响要求解决,"B33,",2020-06-19,信息审核
399,486221,上汽大众,朗逸,2013款 1.6L 自动 经典风尚版,上汽大众朗逸车内异味严重无法解决,"H185,",2020-06-19,信息审核
400,486220,一汽-大众,探岳,2020款 330TSI 两驱 豪华智联版Pro,一汽大众探岳车灯进水干燥后有水印,"H88,",2020-06-19,处理反馈
401,486218,Jeep（进口）,指南者（进口）,2014款 2.0L 自动 两驱 运动版,进口Jeep指南者车内异味严重无法散去,"H185,",2020-06-19,厂家受理
402,486215,广汽本田,皓影,2020款 240TURBO CVT 两驱 豪华版,广汽本田皓影销售承诺不兑现 不给合同,"I293,L313,O353,",2020-06-19,处理反馈
403,486214,东风雪铁龙,雪铁龙C4L,2014款 1.6THP 自动 智驱版 劲智型,东风雪铁龙C4L发动机漏油 漏防冻液,"A12,A37,",2020-06-19,处理反馈
404,486213,领克汽车,领克03,2019款 2.0TD 自动 劲Pro版,领克03故障灯亮 4S店错误判断维修,"A34,J303,",2020-06-19,用户评分
405,486208,路虎进口,揽胜星脉,2019款 250PS R-DYNAMIC S,路虎揽胜星脉颠簸路车内低频共鸣压耳,"H268,",2020-06-19,处理反馈
406,486206,吉利汽车,星越,2020款 350T 驭星者AWD,吉利星越车机系统存在虚假宣传 空调异味,"H121,M279,",2020-06-19,处理反馈
407,486200,一汽-大众,宝来,2019款 1.5L 自动 舒适型,一汽大众宝来行驶中有晃动跳动现象,"G162,",2020-06-19,用户评分
408,486194,一汽-大众,速腾,2014款 1.4TSI 自动 时尚型,一汽大众速腾前挡风玻璃自然开裂,"H113,",2020-06-19,处理反馈
409,486191,广汽本田,缤智,2020款 1.5L CVT 先锋版,广汽本田缤智油箱口附近漆面脱落,"H81,",2020-06-19,处理反馈
410,486190,吉利汽车,缤越,2019款 260T DCT 骑士 国V,吉利缤越4S店喷漆质量差导致起泡,"J303,",2020-06-19,处理反馈
411,486188,东风雪铁龙,世嘉,2011款 1.6 自动 时尚型 三厢,东风雪铁龙世嘉3挡锁死提示变速箱故障,"B96,B84,",2020-06-19,处理反馈
412,486187,东风标致,标致408,2016款 1.6T 自动 豪华版,东风标致408四个轮毂不同程度氧化,"H243,",2020-06-19,处理反馈
413,486186,上汽大众,朗逸,2019款 280TSI DSG 舒适版 国VI,上汽大众朗逸前挡风玻璃无故开裂,"H113,",2020-06-19,信息审核
414,486185,一汽-大众,探岳,2019款 330TSI 两驱 豪华型 国V,一汽大众探岳大灯里面有雾气不予解决,"H88,",2020-06-19,处理反馈
415,486184,广汽本田,雅阁,2018款 260TURBO 精英版 国V,广汽本田雅阁机油增多超过标尺上限,"A339,",2020-06-19,处理反馈
416,486183,华晨宝马,宝马5系,2014款 528Li 领先型,华晨宝马5系左前大灯脱皮影响驾驶,"H220,",2020-06-19,信息审核
417,486182,东风乘用车,风神AX7,2019款 1.6T 自动 AI领航型 国V,东风风神AX7转向异响 开关车门异响,"D59,H72,",2020-06-19,处理反馈
418,486181,新特汽车,SITECH DEV 1,2018款 创睿版,新特SITECH DEV 1无法启动4S店无配件更换,"N318,",2020-06-19,信息审核
419,486178,东风乘用车,风神AX7,2018款 1.6T 自动 豪华型,东风风神AX7踩油门加速时发动机无动力,"A163,",2020-06-19,用户评分
420,486177,一汽丰田,威驰FS,2017款 1.5L CVT 锋驰版,一汽丰田威驰FS正副驾车门有断裂现象,"H168,",2020-06-19,信息审核
421,486176,吉利汽车,星越,2019款 350T 耀星者,吉利星越车机卡顿 转向时存在异响,"D59,M279,",2020-06-19,处理反馈
422,486173,一汽-大众,速腾,2018款 280TSI DSG熠动版,一汽大众速腾怠速时发动机偶尔抖动,"A24,",2020-06-19,处理反馈
423,486170,广汽本田,飞度,2016款 1.5L LX CVT 舒适型,广汽本田飞度启动后存在打齿声音,"A9,",2020-06-19,处理反馈
424,486166,吉利汽车,经典帝豪,2013款 1.5L 手动 进取型 三厢,吉利经典帝豪车身生锈 行驶时变速箱异响,"B33,H79,H220,",2020-06-19,处理反馈
425,486165,长安汽车,长安CS75 PLUS,2020款 1.5T 自动 尊贵型,长安CS75 PLUS导航定位不准确发生偏移,"H21,",2020-06-19,处理反馈
426,486163,吉利汽车,星越,2019款 300T 耀星者,吉利星越方向左偏 车机黑屏并且死机,"G117,H155,M279,",2020-06-19,处理反馈
427,486162,广汽丰田,汉兰达,2018款 2.0T 四驱 骑士版 7座 国VI,广汽丰田汉兰达升级的多媒体系统与宣传不符,"M279,",2020-06-19,厂家受理
428,486154,奔驰（进口）,奔驰GLE,2018款 GLE 400 4MATIC 臻藏版,进口奔驰GLE车内异味希望厂家处理问题,"H185,",2020-06-19,信息审核
429,486151,长安汽车,长安CS75 PLUS,2020款 2.0T 自动 领航型,长安CS75 PLUS车载微信功能与宣传不符,"M279,",2020-06-19,处理反馈
430,486149,一汽-大众,探岳,2020款 330TSI 两驱 豪华智联版,一汽大众探岳变速箱异响燃油泵声音大,"B33,H78,",2020-06-19,处理反馈
431,486148,长安跨越,新豹T3,2018款 1.2L 舒适型 单排 后单轮 标准货箱,长安跨越新豹T3配件质量差要求退换车,"N317,",2020-06-19,处理反馈
432,486146,上汽大众,朗逸,2017款 1.6L 自动 舒适版,上汽大众朗逸刹车时前轮位置存在异响,"E43,",2020-06-19,信息审核
433,486144,吉利汽车,博越,2020款 1.8TD DCT 智尊PRO,吉利博越挡位指示灯与厂家宣传不符,"M279,",2020-06-19,处理反馈
434,486143,上汽集团,名爵6,2017款 20T 自动 Trophy尊享互联网版 国V,上汽名爵6电瓶亏电希望尽快处理,"H146,",2020-06-19,用户评分
435,486142,沃尔沃亚太,沃尔沃S60,2017款 2.0T T4 智远版,亚太沃尔沃S60高压油泵故障导致故障灯亮,"A34,H78,",2020-06-19,信息审核
436,486140,吉利汽车,博越,2016款 1.8TD 自动 两驱 智慧型,吉利博越四个轮毂发生不同程度氧化,"H243,",2020-06-19,处理反馈
437,486136,东风日产,楼兰,2015款 2.5L 两驱 智尚版 XL,东风日产楼兰变速箱压力控制阀故障,"B84,",2020-06-19,处理反馈
438,486135,上汽大众,途安,2018款 途安L 280TSI DSG 舒适版 7座 国VI,上汽大众途安启停失灵自动驻车失灵故障灯亮,"E159,H170,",2020-06-19,信息审核
439,486133,上汽通用五菱,宝骏E100,2019款 250KM 智行版,宝骏E100车身掉漆 偶尔无法换挡,"B20,H81,",2020-06-19,处理反馈
440,486131,长安马自达,马自达3 昂克赛拉,2016款 1.5L 自动 豪华型 三厢,长安马自达昂克赛拉中控屏大面积开裂,"H134,H168,",2020-06-19,信息审核
441,486128,一汽-大众奥迪,奥迪Q5,2016款 40 TFSI 进取型,一汽大众奥迪Q5车内异味召回后依然很大,"H185,Q323,",2020-06-19,信息审核
442,486127,吉利汽车,帝豪,2017款 1.5L 手动 向上互联版 三厢 百万款,吉利帝豪打方向盘时有异响一直未解决,"D59,",2020-06-19,处理反馈
443,486125,一汽-大众,探岳,2019款 330TSI 两驱 豪华型 国Ⅵ,一汽大众探岳中控死机 赠送保养承诺不兑现,"H134,I295,L313,N317,",2020-06-19,处理反馈
444,486122,一汽-大众,宝来,2019款 改款 1.5L 手动 舒适型 国VI,一汽大众宝来天窗密封条损坏希望保修,"H48,",2020-06-19,处理反馈
445,486117,捷豹,捷豹F-PACE,2019款 2.0T 四驱 都市尊享版,捷豹F-PACE经销商销售维修过的问题车,"M284,",2020-06-19,用户评分
446,486115,一汽-大众奥迪,奥迪Q5,2010款 2.0TFSI  双离合 舒适型,一汽大众奥迪Q5变速箱功能失效无法挂挡,"B20,B96,",2020-06-19,信息审核
447,486113,一汽马自达,睿翼,2011款 2.0 自动 精英版,一汽马自达睿翼仪表台开裂发粘厂家未回复,"H176,",2020-06-19,信息审核
448,486112,广汽三菱,欧蓝德,2016款 2.4L 四驱精英版 5座,广汽三菱欧蓝德座椅生锈行驶时方向跑偏,"G117,H79,",2020-06-19,厂家受理
449,486109,众泰汽车,众泰T700,2017款 1.8T 双离合 尊贵型 贺岁版,众泰T700打方向沉重厂家无配件提供,"D156,D57,N318,",2020-06-19,处理反馈
450,486106,北京奔驰,奔驰C级,2015款 200 L 运动型,北京奔驰C级4S店更换发动机未变更登记信息,"J299,",2020-06-19,信息审核
451,486105,北汽昌河,昌河Q35,2016款 1.5L 自动 炫酷版,北汽昌河Q35仪表显示安全气囊故障灯亮,"H103,",2020-06-19,信息审核
452,486101,东风标致,标致408,2015款 1.2T 自动 豪华版,东风标致408发动机故障灯报警希望处理,"A34,",2020-06-19,处理反馈
453,486097,吉利汽车,星越,2019款 改款 350T 耀星者,吉利星越车机死机黑屏与宣传不符,"H155,M279,",2020-06-19,信息审核
454,486095,众泰汽车,众泰T700,2017款 1.8T 双离合 尊贵型,众泰T700门把手损坏前轴承损坏右后胎压失灵,"G125,H203,H233,",2020-06-19,处理反馈
455,486092,北京现代,途胜,2015款 1.6T   双离合 两驱 智能型,北京现代途胜发动机烧机油希望尽快解决,"A63,",2020-06-19,信息审核
456,486089,东风雪铁龙,雪铁龙C6,2017款 380THP 尊贵型,东风雪铁龙C6 SOS灯常亮要求质保维修,"H170,",2020-06-19,处理反馈
457,486085,上汽斯柯达,昊锐,2012款 1.8TSI 自动 优雅版,斯柯达昊锐车内异味越来越严重影响健康,"H185,",2020-06-19,信息审核
458,486084,东风启辰,晨风,2014款 6.6KW 纯电动  领风版,启辰晨风动力电池衰减30%导致续航里程不足,"H343,",2020-06-19,信息审核
459,486083,领克汽车,领克01,2017款 2.0T 自动 两驱 型 Pro,领克01低速加速发动机异响 4S店无法解决,"A9,I295,",2020-06-19,处理反馈
460,486080,吉利汽车,嘉际,2019款 1.5TD MHEV DCT 臻享型,吉利嘉际连接蓝牙通话无声音 导航不予升级,"H21,H155,L313,",2020-06-19,用户评分
461,486079,长安马自达,马自达3 昂克赛拉,2016款 2.0L 自动 旗舰型 三厢,长安马自达昂克赛拉中控屏脱胶开裂影响使用,"H134,",2020-06-19,处理反馈
462,486077,吉利汽车,远景,2018款 1.5L 自动 尊贵型,吉利远景经销商丢失钥匙和车辆合格证,"O353,O354,",2020-06-19,处理反馈
463,486071,上汽集团,名爵ZS,2017款 1.5L 手动 豪华版,上汽名爵ZS变速箱换挡顿挫 刹车片偏磨,"B19,E47,",2020-06-19,处理反馈
464,486068,广汽本田,雅阁,2016款 2.0L CVT  舒适版,广汽本田雅阁日间行车灯灯带有一半不亮,"H82,",2020-06-19,处理反馈
465,486066,福特（进口）,探险者（进口）,2016款 2.3T 精英版,进口福特探险者刹车片脱落要求厂家解决,"E270,",2020-06-19,厂家受理
466,486065,广汽本田,雅阁,2016款 2.0L CVT  舒适版,广汽本田雅阁发动机故障灯亮希望解决,"A34,",2020-06-19,处理反馈
467,486063,长安标致雪铁龙DS,DS5,2014款 1.6T 雅致版THP160,长安标致雪铁龙DS5冷车启动时发动机异响,"A9,",2020-06-19,信息审核
468,486062,吉利汽车,帝豪,2017款 1.5L 手动 向上版 三厢 百万款,吉利帝豪转向时存在异响要求厂家处理,"D59,",2020-06-19,处理反馈
469,486061,北京现代,朗动,2013款 1.6L 自动 尊贵型,北京现代朗动变速箱降挡顿挫一直未解决,"B19,I295,",2020-06-19,信息审核
470,486058,上汽集团,荣威RX5 MAX,2019款 400TGI 自动 智能座舱旗舰版,上汽荣威RX5 MAX怠速时发动机抖动,"A24,H211,",2020-06-19,处理反馈
471,486057,众泰汽车,众泰T600,2014款 1.5T 手动 精英型,众泰T600节气门漏气导致行驶中加速无力,"A251,",2020-06-19,处理反馈
472,486056,一汽-大众奥迪,奥迪Q3,2018款 30 TFSI 时尚型典藏版,一汽大众奥迪Q3发动机高压油泵异响,"A9,",2020-06-19,信息审核
473,486051,大众（进口）,高尔夫（进口）,2011款 1.4TSI DSG Cross Golf,进口大众高尔夫水泵故障水温过高且无报警,"A191,A221,",2020-06-19,信息审核
474,486049,一汽-大众,速腾,2018款 280TSI DSG熠动版,一汽大众速腾方向盘磨损脱皮存在质量问题,"H157,",2020-06-19,用户评分
475,486048,吉利汽车,星越,2019款 350T 耀星者,吉利星越车机死机要求厂家更换硬件,"H155,M279,",2020-06-19,处理反馈
476,486047,江淮汽车,瑞风M3,2019款 宜家版 1.8L 豪华 智能型,江淮瑞风M3行驶时跑偏轮胎异常磨损,"G245,G117,I295,",2020-06-19,处理反馈
477,486044,吉利汽车,星越,2019款 350T 耀星者,吉利星越4S店销售人员故意隐瞒厂家增购补贴,"L313,",2020-06-19,用户评分
478,486040,长城汽车,哈弗H5,2016款 2.0T 四驱精英型 经典版,哈弗H5发动机怠速不稳 涡轮增压器漏油,"A163,A35,A189,",2020-06-19,用户评分
479,486039,奇瑞汽车,艾瑞泽5,2017款 1.5L 手动 时尚版,奇瑞艾瑞泽5空调漏氟 车载互联无网络,"H146,H155,",2020-06-19,处理反馈
480,486038,广汽丰田,凯美瑞,2019款 2.0G 豪华版 国VI,广汽丰田凯美瑞喷漆不匀且有生锈现象,"H79,H81,",2020-06-19,厂家受理
481,486037,一汽-大众,速腾,2019款 200TSI DSG 舒适型 国VI,一汽大众速腾升降挡时变速箱异响,"B33,",2020-06-19,处理反馈
482,486034,上汽大众,途观L,2017款 330TSI 两驱 旗舰版,大众途观L行驶中提示变速箱进入紧急状态,"B96,B84,B77,",2020-06-19,信息审核
483,486031,广汽本田,雅阁,2018款 260TURBO 精英版 国VI,广汽本田雅阁座椅调节支撑锈蚀掉渣,"H79,",2020-06-19,处理反馈
484,486030,猎豹汽车,Mattu,2018款 1.6T GDI DCT 尊贵型,猎豹Mattu变速箱无动力输出无法正常行驶,"B334,",2020-06-19,信息审核
485,486029,上汽大众,朗逸,2019款 朗逸启航 1.5L 手动 舒适版 国VI,上汽大众朗逸刹车异响4S店告知正常,"E43,",2020-06-19,信息审核
486,486027,一汽-大众,速腾,2018款 280TSI DSG熠动版,一汽大众速腾发动机异响 刹车踏板震动,"A9,D80,E111,",2020-06-19,处理反馈
487,486026,广汽丰田,凯美瑞,2009款 200G 自动 豪华版,广汽丰田凯美瑞中控仪表台腐蚀氧化掉皮,"H176,",2020-06-19,厂家受理
488,486022,上汽通用五菱,宝骏310W,2017款 1.5L 手动 舒适型 国V,宝骏310W车辆自燃要求尽快处理问题,"H40,",2020-06-19,处理反馈
489,486017,东风标致,标致4008,2017款 380THP 豪华GT版,东风标致4008承诺不兑现升级车机后音响无声,"H134,L314,",2020-06-19,处理反馈
490,486016,一汽大众,捷达VS5,2019款 280TSI 自动 悦享型,捷达VS5前雨刮器导水槽漏水存在质量问题,"H109,",2020-06-19,信息审核
491,486013,一汽-大众,高尔夫,2018款 230TSI 自动 舒适型,一汽大众高尔夫发动机运转时高压油泵异响,"A9,",2020-06-19,处理反馈
492,486009,东风日产,逍客,2016款 2.0L CVT 精英版,东风日产逍客变速箱阀体故障无法加速,"B334,B84,",2020-06-19,处理反馈
493,486008,一汽-大众,宝来,2019款 1.5L 自动 时尚型,一汽大众宝来大灯进水胎压误报自动驻车故障,"H88,H170,H203,",2020-06-19,处理反馈
494,486002,广汽本田,雅阁,2018款 260TURBO 旗舰版 国V,广汽本田雅阁胎压监测误报警 车身异响,"H15,H155,H203,",2020-06-19,处理反馈
495,486001,昌河铃木,北斗星X5,2015款 1.4L 巡航版,昌河铃木北斗星X5油表不准 转向时有异响,"D59,H93,H68,H202,H197,",2020-06-19,信息审核
496,485999,东南汽车,V3菱悦,2011款 1.5 手动 豪华版,东南V3菱悦汽车锈蚀严重影响安全,"H79,",2020-06-19,处理反馈
497,485995,广汽本田,飞度,2016款 1.5L LX CVT 舒适型,广汽本田飞度发动机冷车启动异响要求解决,"A9,",2020-06-19,处理反馈
498,485994,一汽-大众,速腾,2013款 2.0TSI GLI,一汽大众速腾发动机和变速箱漏油,"A12,B22,",2020-06-19,处理反馈
499,485988,众泰汽车,众泰Z500,2015款 1.5T 手动 尊贵型,众泰Z500质保期内出现的质量问题不予索赔,"I297,",2020-06-19,处理反馈
500,485987,众泰汽车,众泰SR9,2017款 2.0T 自动 极致之梦版,众泰SR9变速箱多次损坏要求退车,"B96,",2020-06-19,处理反馈
501,485980,奇瑞捷豹路虎,揽胜极光,2020款 249PS R-DYNAMIC SE 运动科技版,奇瑞捷豹路虎揽胜极光减震器中控台转向异响,"D59,G52,H93,",2020-06-19,用户评分
502,485979,长安马自达,马自达3 昂克赛拉,2020款 2.0L 自动 质雅版,长安马自达昂克赛拉中网镀铬装饰条腐蚀掉漆,"H81,H168,",2020-06-19,用户评分
503,485976,长安马自达,马自达3 昂克赛拉,2016款 1.5L 自动 豪华型 三厢,长安马自达昂克赛拉中控屏幕有开裂现象,"H134,",2020-06-19,处理反馈
504,485972,吉利汽车,星越,2019款 改款 350T 耀星者,吉利星越车机死机与厂家未回复处理,"H155,I294,M279,",2020-06-19,处理反馈
505,485970,北京奔驰,奔驰C级,2020款 C 260 运动版,北京奔驰C级无钥匙进入失灵希望厂家处理,"H119,",2020-06-19,信息审核
506,485968,奇瑞瑞麒,瑞麒G6,2011款 2.0T 自动 豪华型,瑞麒G6高速行驶时变速箱油管爆裂,"B22,G56,N318,",2020-06-19,用户评分
507,485966,东风本田,本田CR-V,2019款 240TURBO CVT 两驱 舒适版 国V,东风本田CR-V经销商违规收取续保押金,"K307,",2020-06-19,处理反馈
508,485965,北京现代,领动,2019款 1.5L CVT 智炫・精英型,北京现代领动减震器无配件承诺解决未兑现,"I294,L314,N318,N320,",2020-06-19,处理反馈
509,485959,广汽丰田,丰田C-HR,2020款 2.0L 领先版,广汽丰田C-HR未给发票导致无法上牌,"O353,",2020-06-19,厂家受理
510,485956,猎豹汽车,猎豹CS10,2017款 2.0T 手动 卓越型,猎豹CS10天窗异响不断 刹车疲软,"E269,H89,",2020-06-19,信息审核
511,485954,东风本田,本田XR-V,2015款 1.8L EXi CVT 舒适版,东风本田XR-V购车至今车内一直存在异味,"H164,",2020-06-19,处理反馈
512,485953,一汽-大众,速腾,2018款 280TSI DSG熠动版,一汽大众速腾韩泰轮胎开裂并且鼓包,"F100,F39,",2020-06-19,处理反馈
513,485951,吉利汽车,缤瑞,2018款 14T CVT 缤纷版,吉利缤瑞发动机转速过高厂家未解决问题,"A35,J301,",2020-06-19,处理反馈
514,485950,一汽-大众奥迪,奥迪A6L,2020款 40 TFSI 豪华动感型,一汽大众奥迪A6L刹车抱死转向故障灯亮,"A34,D57,D291,E29,M284,",2020-06-19,信息审核
515,485947,吉利汽车,远景,2017款 1.5L 自动 幸福版,吉利远景行驶中动力消失存在质量问题,"B334,",2020-06-19,处理反馈
516,485946,一汽丰田,RAV4荣放,2020款 2.0L CVT 两驱 都市版,一汽丰田RAV4荣放发动机舱有泥浆车架生锈,"H79,Q322,",2020-06-19,信息审核
517,485945,东南汽车,东南DX7,2016款 1.5T 手动 凯旋版,东南DX7空调开冷风出热风车身异响,"H101,H15,",2020-06-19,处理反馈
518,485943,北京现代,领动,2016款 1.6L 自动 智炫・精英型,北京现代领动转向异响沉重卡滞希望处理,"D59,D123,D156,",2020-06-19,处理反馈
519,485942,上汽大众,途观L,2017款 330TSI 两驱 豪华版,上汽大众途观L天窗排水堵塞导致车内进水,"H90,",2020-06-19,信息审核
520,485940,北京现代,途胜,2018款 1.6T 双离合 两驱 15周年特别版,北京现代途胜行驶中发动机故障灯亮,"A34,",2020-06-19,处理反馈
521,485937,一汽-大众奥迪,奥迪A4L,2015款 2.0T CVT 标准型,一汽大众奥迪A4L节温器渗水售后不予质保,"A37,",2020-06-19,信息审核
522,485933,华晨中华,中华H330,2013款 1.5L 自动 豪华型,华晨中华H330左后轮轮毂破损希望尽快处理,"H243,",2020-06-19,信息审核
523,485931,吉利汽车,嘉际,2019款 1.5TD MHEV DCT 臻享型,吉利嘉际前部摄像头有拆装痕迹4S店不处理,"H170,I295,L313,M279,O353,",2020-06-19,处理反馈
524,485930,上汽大众,途观L,2019款 改款 330TSI 自动 两驱 智动豪华版 国VI,上汽大众途观L变速箱异响 转向时车轮异响,"B33,G125,",2020-06-19,处理反馈
525,485929,吉利汽车,缤越,2019款 260T DCT Battle 运动款 国V,吉利缤越天窗密封条多处老化破损天窗漏水,"H90,H48,",2020-06-19,处理反馈
526,485926,吉利汽车,星越,2019款 350T 耀星者,吉利星越车机系统升级后依然死机黑屏,"O348,",2020-06-19,处理反馈
527,485925,华晨宝马,宝马3系,2017款 330Li M 运动型,华晨宝马3系冷却液水管爆裂发动机温度高,"A37,A191,",2020-06-19,信息审核
528,485923,上汽大众,朗逸,2017款 230TSI 双离合 舒适版,上汽大众朗逸变速箱跳挡 发动机空转,"B27,",2020-06-19,用户评分
529,485922,上汽集团,荣威Ei5,2019款 智联旗舰版,上汽荣威Ei5充电慢且充电时自动断开,"H340,",2020-06-19,用户评分
530,485920,东南汽车,东南DX3,2018款 1.5L 手动 尊贵型,东南DX3排气管共振异响严重无法解决,"H268,",2020-06-19,用户评分
531,485919,广汽丰田,YARiS L 致炫,2018款 1.5E CVT 冠军限量版,广汽丰田致炫空调风向调节开关故障,"H101,",2020-06-19,厂家受理
532,485918,吉利汽车,博瑞,2015款 1.8T 旗舰型,吉利博瑞影音系统出现黑屏厂家不给保修,"H134,I297,",2020-06-19,用户评分
533,485917,一汽-大众,速腾,2019款 200TSI DSG 舒适型 国VI,一汽大众速腾上坡辅助系统故障导致溜车,"H170,",2020-06-19,处理反馈
534,485916,广汽本田,冠道,2017款 240TURBO CVT 两驱 尊享版,广汽本田冠道4S店维修使用旧件要求解决,"N316,",2020-06-19,处理反馈
535,485909,一汽-大众,高尔夫・嘉旅,2016款 230TSI 手动 进取型,一汽大众高尔夫嘉旅天窗漏水希望厂家解决,"H90,",2020-06-19,处理反馈
536,485907,上汽集团,名爵6,2018款 20T 自动 尊享互联网版 国VI,上汽名爵6四轮定位后吃胎 服务态度差,"I293,J300,J303,",2020-06-19,处理反馈
537,485905,奇瑞汽车,捷途X70,2020款 1.5T 手动 悦行版 5座,捷途X70挂挡异响 减震异响 发动机转速不稳,"A163,A35,B33,B20,G52,",2020-06-19,处理反馈
538,485904,长安马自达,马自达3 昂克赛拉,2016款 1.5L 自动 豪华型 三厢,长安马自达昂克赛拉中控屏无故开胶,"H168,",2020-06-19,用户评分
539,485903,华晨宝马,宝马5系,2019款 530Li 领先型 M运动套装,华晨宝马5系新车变速箱漏油多次维修未解决,"B22,J298,",2020-06-19,信息审核
540,485902,吉利汽车,帝豪GL,2017款 1.8L 手动 精英型,吉利帝豪GL离合器无法复位无法挂挡行驶,"C267,",2020-06-19,用户评分
541,485899,北京奔驰,奔驰C级,2019款 C 180 L 时尚型运动版,北京奔驰C级冷却液提示温度高要求解决,"A191,",2020-06-19,信息审核
542,485897,吉利汽车,博越,2018款 1.8TD 自动 两驱 智联型 4G互联版,吉利博越经销商出售问题车价格不透明,"K308,M284,",2020-06-19,用户评分
543,485896,上汽通用五菱,宝骏310W,2017款 1.5L 手动 舒适型 国VI,宝骏310W发动机故障灯亮 熄火 大灯进水,"A339,A14,H88,",2020-06-19,处理反馈
544,485892,一汽-大众,探岳,2019款 330TSI 两驱 尊贵型 国V,一汽大众探岳大灯亮度严重不足影响安全,"H82,",2020-06-18,用户评分
545,485891,一汽-大众奥迪,奥迪A6L,2020款 45 TFSI 臻选致雅型,一汽大众奥迪A6L行驶时发动机抖动熄火,"A24,A14,",2020-06-18,信息审核
546,485883,吉利汽车,博越,2020款 1.8TD DCT 智领PRO,吉利博越挡杆处没有指示灯涉嫌虚假宣传,"M279,",2020-06-18,处理反馈
547,485882,东风日产,逍客,2017款 2.0L CVT 精英版 国V,东风日产逍客车灯变暗行驶时变速箱顿挫,"B19,H82,",2020-06-18,处理反馈
548,485881,上汽集团,荣威350,2014款 1.5L 自动 迅达版 350S,上汽荣威350购车后车内一直有浓重的异味,"H185,",2020-06-18,处理反馈
549,485880,北京现代,途胜,2015款 1.6T   双离合 两驱 智能型,北京现代途胜空调压缩机频繁启停中控异响,"H101,H93,",2020-06-18,处理反馈
550,485878,吉利汽车,嘉际,2019款 1.5TD MHEV DCT 尊享型,吉利嘉际转向机漏油备胎异常磨损车身异响,"D58,H72,H15,H157,",2020-06-18,处理反馈
551,485877,长安汽车,长安CS95,2017款 2.0T 两驱 智拓版,长安CS95踩刹车后异响声音大要求索赔,"E43,",2020-06-18,处理反馈
552,485875,北京奔驰,奔驰GLC,2018款 GLC 260 4MATIC 动感型 改款,北京奔驰GLC轮毂氧化起皮要求更换,"H243,",2020-06-18,信息审核
553,485872,广汽本田,雅阁,2015款 2.0L LXS 精英版,广汽本田雅阁变速箱异响高速行驶顿挫,"B33,B19,",2020-06-18,处理反馈
554,485871,北京现代,领动,2016款 1.6L 自动 智炫・精英型,北京现代领动跑高速时缦址较蚩ㄖ,"D123,",2020-06-18,处理反馈
555,485865,吉利汽车,博越,2020款 1.8TD DCT 智领PRO,吉利博越行驶过程中变速箱明显顿挫,"B19,",2020-06-18,处理反馈
556,485863,东风标致,标致408,2016款 1.6T 自动 豪华版,东风标致408水泵损坏导致发动机异响,"A9,A221,",2020-06-18,用户评分
557,485862,长安马自达,马自达3 昂克赛拉,2020款 2.0L 自动 质雅版,马自达昂克赛拉行使中显示超音传感器故障,"B19,B95,H234,",2020-06-18,处理反馈
558,485854,北京奔驰,奔驰C级,2020款 改款 C 260 运动版,北京奔驰C级怠速不稳定变速箱换挡迟滞,"A35,B19,",2020-06-18,信息审核
559,485851,长安马自达,马自达3 昂克赛拉,2016款 1.5L 自动 舒适型 三厢,长安马自达昂克赛拉仪表盘掉漆座椅掉皮,"H168,H169,",2020-06-18,处理反馈
560,485843,东风日产,逍客,2017款 2.0L CVT 智享版 国V,东风日产逍客转向异响希望厂家处理,"D59,",2020-06-18,处理反馈
561,485830,吉利汽车,博瑞,2015款 1.8T 旗舰型,吉利博瑞方向盘卡死 助力系统故障,"A255,D123,D112,",2020-06-18,处理反馈
562,485828,长安汽车,长安UNI-T,2020款 1.5T 尊贵型,长安UNI-T车机没有反应音量自动增大,"H134,",2020-06-18,用户评分
563,485825,吉利汽车,帝豪GL,2018款 1.4T 自动 精英智联型,吉利帝豪GL中控台异响多次处理无效,"B19,H93,H89,",2020-06-18,用户评分
564,485823,广汽本田,缤智,2015款 1.5L CVT 两驱舒适型,广汽本田缤智冷车启动发动机异响,"A9,",2020-06-18,处理反馈
565,485821,东风标致,标致5008,2017款 380THP 精英版 7座,东风标致5008方向盘与刹车行驶途中异响,"D59,E43,",2020-06-18,处理反馈
566,485819,一汽丰田,亚洲龙,2019款 双擎 2.5L XLE 尊贵版 国Ⅵ,一汽丰田亚洲龙天窗异响严重希望解决,"H89,",2020-06-18,信息审核
567,485817,东风本田,本田CR-V,2018款 1.5T CVT 两驱 舒适版,东风本田CR-V优科豪马轮胎开裂掉皮,"F100,F186,",2020-06-18,处理反馈
568,485812,上汽大众,Polo,2018款 1.5L 自动 安享型,上汽大众Polo车内异味严重无法忍受	,"H185,",2020-06-18,信息审核
569,485811,东风标致,标致508,2015款 1.8THP 自动 致臻版,东风标致508厂家召回进气歧管不合理,"Q323,",2020-06-18,处理反馈
570,485809,东风雪铁龙,雪铁龙C4L,2015款 1.8L 手动 领先版,东风雪铁龙C4L发动机烧机油希望处理,"A63,",2020-06-18,处理反馈
571,485805,东风雪铁龙,雪铁龙C4L,2014款 1.8L 手动 智驱版 劲智型,东风雪铁龙C4L汽油泵故障无法启动,"H78,",2020-06-18,用户评分
572,485804,一汽-大众,探岳,2019款 330TSI 四驱 豪华型 国Ⅵ,一汽大众探岳探岳大灯白雾影响照明,"H82,",2020-06-18,处理反馈
573,485802,一汽马自达,阿特兹,2020款 2.5L 蓝天尊崇版,一汽马自达阿特兹中控屏卡死行驶时B柱异响,"H134,H15,",2020-06-18,处理反馈
574,485800,一汽-大众奥迪,奥迪Q5,2012款 2.0TFSI  自动 舒适型,一汽大众奥迪Q5变速箱故障灯亮厂家不保修,"B96,I297,",2020-06-18,信息审核
575,485798,一汽马自达,马自达CX-4,2020款 2.5L 自动 四驱 蓝天激情版,一汽马自达CX-4高速行驶中突然熄火,"A14,A44,",2020-06-18,信息审核
576,485794,北京现代,途胜,2015款 1.6T   双离合 两驱 智能型,北京现代途胜加速时变速箱异响严重,"B33,",2020-06-18,处理反馈
577,485793,东风本田,INSPIRE,2019款 锐・混动 2.0L 净雅版 国VI,东风本田INSPIRE悬挂部件锈蚀严重,"H79,",2020-06-18,处理反馈
578,485792,东风标致,标致408,2015款 1.2T 自动 豪华版,东风标致408空调压缩机漏油不制冷,"H101,",2020-06-18,处理反馈
579,485790,一汽丰田,RAV4荣放,2016款 2.0L CVT 两驱 风尚版 国V,一汽丰田RAV4荣放发动机漏油质量差,"A12,",2020-06-18,信息审核
580,485787,上汽斯柯达,柯迪亚克,2019款 TSI380 四驱 旗舰版 7座 国V,斯柯达柯迪亚克方向盘 刹车 油门全部失灵,"A174,D57,E29,",2020-06-18,信息审核
581,485785,长安马自达,马自达CX-5,2020款 2.0L 自动 两驱 智尊型,长安马自达CX-5安全带损伤希望厂家处理,"H118,",2020-06-18,用户评分
582,485784,一汽-大众,迈腾,2017款 330TSI DSG 豪华型,一汽大众迈腾底盘异响希望尽快处理,"G56,",2020-06-18,处理反馈
583,485782,一汽马自达,阿特兹,2020款 2.0L 蓝天豪华版,一汽马自达阿特兹行驶过程中车内有异响,"H15,H89,",2020-06-18,用户评分
584,485781,一汽马自达,马自达CX-4,2020款 2.0L 自动 两驱 蓝天活力版,一汽马自达CX-4车身异响希望尽快处理,"H15,",2020-06-18,用户评分
585,485778,一汽-大众奥迪,奥迪A6L,2019款 40 TFSI 豪华动感型,一汽大众奥迪A6L行驶中变速箱内部螺丝断裂,"B77,",2020-06-18,信息审核
586,485776,吉利汽车,星越,2019款 350T 耀星者,吉利星越车机系统更新后卡顿 影像不清晰,"H134,H155,O348,",2020-06-18,用户评分
587,485773,吉利汽车,博越,2018款 1.8TD 自动 两驱 智尊型 4G互联版,吉利博越升级后Carplay消失4S店无升级包,"J300,O348,",2020-06-18,处理反馈
588,485771,吉利汽车,缤越,2019款 运动款 260T DCT Battle 国VI 运动款,吉利缤越中控异响 车机系统无法升级,"H93,L314,",2020-06-18,处理反馈
589,485770,一汽丰田,RAV4荣放,2019款 2.0L CVT 两驱 先锋版 国VI,一汽丰田RAV4荣放经销商不让报废车辆,"K325,",2020-06-18,信息审核
590,485768,上汽大众,朗逸,2017款 1.6L 手动 风尚版,上汽大众朗逸韩泰轮胎老化 排气管生锈,"F100,H30,",2020-06-18,信息审核
591,485767,东风风行,景逸X6,2017款 1.5T 手动 尊贵型 劲享系列,东风风行景逸X6方向偏右 安全气囊故障,"A24,D154,H103,",2020-06-18,处理反馈
592,485766,上汽通用五菱,五菱荣光小卡,2019款 1.5L 基本型 双排 L3C 国VI,上汽通用五菱荣光小卡漆面生锈掉漆,"H79,H81,",2020-06-18,处理反馈
593,485765,广汽本田,缤智,2017款 1.5L CVT 两驱 舒适型,广汽本田缤智低速踩油门抖动无动力输出,"B95,B334,",2020-06-18,处理反馈
594,485759,北京现代,领动,2018款 1.6L 自动 15周年特别版,北京现代领动转向异响存在质量问题,"D59,",2020-06-18,处理反馈
595,485756,一汽-大众,宝来,2017款 1.6L 手动 舒适型,一汽大众宝来后排座椅骨架严重生锈,"H79,",2020-06-18,处理反馈
596,485750,吉利汽车,嘉际,2019款 1.5TD MHEV DCT 耀享型,吉利嘉际备胎异常磨损 转向机漏油 内饰异响,"D58,H93,H68,H157,",2020-06-18,处理反馈
597,485749,北汽新能源,北汽新能源EU5,2018款 EU5 R500 智尚版,北汽新能源EU5喷漆质量差漆面鼓泡,"J303,",2020-06-18,用户评分
598,485748,一汽马自达,阿特兹,2020款 2.5L 蓝天运动版,一汽马自达阿特兹车身B柱中控和天窗异响,"H93,H15,H89,",2020-06-18,处理反馈
599,485747,吉利汽车,星越,2019款 改款 350T 耀星者,吉利星越氛围灯与宣传不符希望厂家处理问题,"M279,",2020-06-18,用户评分
